title,date,difficulty,average_time,average_increase,faster,much_faster,slower,much_slower
New York Times,2025-03-26,Easy,9:23,22.0,85.0,54.0,15.0,4.0
New York Times,2025-03-25,Average,8:11,3.0,55.0,22.0,45.0,19.0
New York Times,2025-03-24,Easy,4:59,21.0,88.0,51.0,12.0,4.0
New York Times,2025-03-23,Easy,24:12,24.0,87.0,60.0,13.0,4.0
New York Times,2025-03-22,Hard,22:59,-5.0,41.0,18.0,59.0,29.0
New York Times,2025-03-21,Easy,13:14,25.0,82.0,59.0,18.0,6.0
New York Times,2025-03-20,Very Easy,10:57,33.0,91.0,72.0,9.0,3.0
New York Times,2025-03-19,Easy,9:59,20.0,82.0,50.0,18.0,7.0
New York Times,2025-03-18,Easy,6:46,25.0,90.0,61.0,10.0,4.0
New York Times,2025-03-17,Hard,6:57,-9.0,34.0,9.0,66.0,34.0
New York Times,2025-03-16,Hard,35:26,-11.0,32.0,10.0,68.0,38.0
New York Times,2025-03-15,Easy,17:56,24.0,80.0,54.0,20.0,8.0
New York Times,2025-03-14,Hard,18:50,-10.0,35.0,12.0,65.0,38.0
New York Times,2025-03-13,Hard,16:33,-1.0,48.0,21.0,52.0,25.0
New York Times,2025-03-12,Average,10:45,14.0,72.0,40.0,28.0,12.0
New York Times,2025-03-11,Average,7:43,15.0,75.0,40.0,25.0,9.0
New York Times,2025-03-10,Hard,6:22,-1.0,48.0,15.0,52.0,24.0
New York Times,2025-03-09,Very Hard,42:24,-40.0,16.0,6.0,84.0,68.0
New York Times,2025-03-08,Hard,23:14,-2.0,48.0,22.0,52.0,28.0
New York Times,2025-03-07,Easy,13:04,25.0,82.0,58.0,18.0,7.0
New York Times,2025-03-06,Average,14:24,16.0,73.0,43.0,27.0,12.0
New York Times,2025-03-05,Average,11:18,10.0,65.0,34.0,35.0,15.0
New York Times,2025-03-04,Easy,6:25,30.0,92.0,73.0,8.0,3.0
New York Times,2025-03-03,Easy,5:01,20.0,86.0,49.0,14.0,4.0
New York Times,2025-03-02,Very Hard,36:01,-21.0,25.0,10.0,75.0,53.0
New York Times,2025-03-01,Average,20:16,14.0,68.0,42.0,32.0,15.0
New York Times,2025-02-28,Average,14:56,16.0,72.0,44.0,28.0,11.0
New York Times,2025-02-27,Average,14:30,14.0,71.0,39.0,29.0,14.0
New York Times,2025-02-26,Very Hard,14:20,-18.0,26.0,10.0,74.0,48.0
New York Times,2025-02-25,Easy,7:25,19.0,83.0,48.0,17.0,5.0
New York Times,2025-02-24,Average,6:11,3.0,56.0,18.0,44.0,17.0
New York Times,2025-02-23,Average,25:30,19.0,80.0,48.0,20.0,8.0
New York Times,2025-02-22,Very Easy,16:45,33.0,87.0,67.0,13.0,6.0
New York Times,2025-02-21,Average,17:37,4.0,55.0,27.0,45.0,25.0
New York Times,2025-02-20,Average,14:54,13.0,69.0,38.0,31.0,14.0
New York Times,2025-02-19,Easy,10:04,19.0,79.0,49.0,21.0,9.0
New York Times,2025-02-18,Easy,7:18,21.0,83.0,52.0,17.0,5.0
New York Times,2025-02-17,Average,5:45,10.0,67.0,30.0,33.0,11.0
New York Times,2025-02-16,Easy,25:25,20.0,81.0,49.0,19.0,9.0
New York Times,2025-02-15,Very Hard,29:27,-16.0,31.0,13.0,69.0,46.0
New York Times,2025-02-14,Easy,13:19,26.0,85.0,59.0,15.0,7.0
New York Times,2025-02-13,Hard,17:38,-5.0,43.0,20.0,57.0,33.0
New York Times,2025-02-12,Very Hard,15:02,-22.0,24.0,9.0,76.0,52.0
New York Times,2025-02-11,Average,8:56,4.0,55.0,23.0,45.0,21.0
New York Times,2025-02-10,Average,5:17,16.0,82.0,42.0,18.0,7.0
New York Times,2025-02-09,Very Easy,22:52,32.0,90.0,71.0,10.0,4.0
New York Times,2025-02-08,Very Easy,14:51,43.0,92.0,79.0,8.0,4.0
New York Times,2025-02-07,Average,18:07,1.0,51.0,25.0,49.0,26.0
New York Times,2025-02-06,Average,14:43,10.0,65.0,35.0,35.0,14.0
New York Times,2025-02-05,Hard,12:44,-8.0,38.0,19.0,62.0,35.0
New York Times,2025-02-04,Very Hard,10:50,-19.0,25.0,12.0,75.0,49.0
New York Times,2025-02-03,Average,5:58,3.0,57.0,20.0,43.0,16.0
New York Times,2025-02-02,Very Hard,42:39,-35.0,15.0,5.0,85.0,66.0
New York Times,2025-02-01,Very Easy,14:36,44.0,93.0,82.0,7.0,3.0
New York Times,2025-01-31,Average,15:20,18.0,77.0,47.0,23.0,10.0
New York Times,2025-01-30,Average,15:55,9.0,65.0,34.0,35.0,15.0
New York Times,2025-01-29,Hard,12:45,-7.0,40.0,18.0,60.0,34.0
New York Times,2025-01-28,Average,9:14,1.0,51.0,23.0,49.0,29.0
New York Times,2025-01-27,Hard,6:27,-1.0,48.0,18.0,52.0,21.0
New York Times,2025-01-26,Very Hard,36:49,-19.0,26.0,11.0,74.0,47.0
New York Times,2025-01-25,Very Hard,30:54,-23.0,24.0,9.0,76.0,53.0
New York Times,2025-01-24,Average,16:23,15.0,68.0,41.0,32.0,15.0
New York Times,2025-01-23,Average,14:11,17.0,73.0,45.0,27.0,12.0
New York Times,2025-01-22,Easy,9:41,22.0,82.0,54.0,18.0,6.0
New York Times,2025-01-21,Hard,9:46,-9.0,37.0,13.0,63.0,37.0
New York Times,2025-01-20,Very Hard,7:22,-22.0,17.0,7.0,83.0,54.0
New York Times,2025-01-19,Easy,26:44,19.0,79.0,49.0,21.0,9.0
New York Times,2025-01-18,Very Easy,17:58,32.0,87.0,66.0,13.0,5.0
New York Times,2025-01-17,Hard,18:40,-1.0,48.0,24.0,52.0,27.0
New York Times,2025-01-16,Average,16:06,9.0,61.0,35.0,39.0,21.0
New York Times,2025-01-15,Average,10:35,16.0,72.0,42.0,28.0,11.0
New York Times,2025-01-14,Average,8:37,0.0,51.0,22.0,49.0,21.0
New York Times,2025-01-13,Average,5:30,8.0,67.0,28.0,33.0,10.0
New York Times,2025-01-12,Very Easy,22:38,33.0,91.0,71.0,9.0,3.0
New York Times,2025-01-11,Average,25:16,6.0,57.0,30.0,43.0,23.0
New York Times,2025-01-10,Hard,18:30,-1.0,48.0,22.0,52.0,28.0
New York Times,2025-01-09,Hard,17:45,-3.0,45.0,19.0,55.0,31.0
New York Times,2025-01-08,Hard,13:43,-5.0,43.0,17.0,57.0,33.0
New York Times,2025-01-07,Very Hard,11:59,-47.0,9.0,5.0,91.0,78.0
New York Times,2025-01-06,Hard,6:20,-6.0,40.0,14.0,60.0,29.0
New York Times,2025-01-05,Average,27:51,17.0,78.0,45.0,22.0,8.0
New York Times,2025-01-04,Hard,27:01,-2.0,47.0,25.0,53.0,27.0
New York Times,2025-01-03,Easy,13:49,25.0,84.0,58.0,16.0,6.0
New York Times,2025-01-02,Hard,17:51,-1.0,49.0,25.0,51.0,29.0
New York Times,2025-01-01,Easy,9:16,23.0,81.0,55.0,19.0,9.0
New York Times,2024-12-31,Average,7:17,9.0,67.0,31.0,33.0,11.0
New York Times,2024-12-30,Hard,6:13,-7.0,38.0,14.0,62.0,27.0
New York Times,2024-12-29,Very Easy,24:22,33.0,89.0,71.0,11.0,6.0
New York Times,2024-12-28,Easy,20:12,26.0,80.0,59.0,20.0,8.0
New York Times,2024-12-27,Average,18:16,2.0,52.0,25.0,48.0,23.0
New York Times,2024-12-26,Average,14:10,18.0,74.0,45.0,26.0,12.0
New York Times,2024-12-25,Average,10:38,16.0,69.0,42.0,31.0,16.0
New York Times,2024-12-24,Average,7:51,4.0,58.0,23.0,42.0,19.0
New York Times,2024-12-23,Average,5:31,4.0,57.0,17.0,43.0,18.0
New York Times,2024-12-22,Very Easy,20:36,42.0,93.0,84.0,7.0,3.0
New York Times,2024-12-21,Hard,30:58,-14.0,31.0,14.0,69.0,43.0
New York Times,2024-12-20,Average,15:41,18.0,72.0,47.0,28.0,13.0
New York Times,2024-12-19,Average,14:19,17.0,73.0,45.0,27.0,13.0
New York Times,2024-12-18,Average,10:44,13.0,71.0,39.0,29.0,13.0
New York Times,2024-12-17,Average,6:57,17.0,82.0,45.0,18.0,8.0
New York Times,2024-12-16,Average,5:16,11.0,73.0,31.0,27.0,8.0
New York Times,2024-12-15,Very Hard,47:50,-42.0,11.0,4.0,89.0,72.0
New York Times,2024-12-14,Average,23:15,11.0,65.0,38.0,35.0,15.0
New York Times,2024-12-13,Average,18:25,3.0,54.0,26.0,46.0,22.0
New York Times,2024-12-12,Very Easy,12:16,35.0,92.0,75.0,8.0,3.0
New York Times,2024-12-11,Easy,9:42,25.0,87.0,60.0,13.0,4.0
New York Times,2024-12-10,Easy,6:33,20.0,83.0,52.0,17.0,6.0
New York Times,2024-12-09,Hard,6:19,-12.0,30.0,10.0,70.0,35.0
New York Times,2024-12-08,Average,29:21,12.0,69.0,35.0,31.0,14.0
New York Times,2024-12-07,Average,22:32,15.0,71.0,43.0,29.0,12.0
New York Times,2024-12-06,Very Easy,12:33,35.0,92.0,73.0,8.0,4.0
New York Times,2024-12-05,Very Easy,13:01,31.0,89.0,69.0,11.0,4.0
New York Times,2024-12-04,Average,12:15,5.0,58.0,26.0,42.0,22.0
New York Times,2024-12-03,Average,7:32,10.0,69.0,35.0,31.0,9.0
New York Times,2024-12-02,Average,5:27,6.0,64.0,20.0,36.0,12.0
New York Times,2024-12-01,Hard,33:10,-1.0,49.0,18.0,51.0,25.0
New York Times,2024-11-30,Easy,20:39,21.0,78.0,52.0,22.0,9.0
New York Times,2024-11-29,Very Hard,22:16,-22.0,26.0,11.0,74.0,53.0
New York Times,2024-11-28,Average,17:20,8.0,61.0,31.0,39.0,18.0
New York Times,2024-11-27,Average,12:21,2.0,53.0,24.0,47.0,24.0
New York Times,2024-11-26,Average,7:52,11.0,69.0,32.0,31.0,12.0
New York Times,2024-11-25,Average,5:30,7.0,65.0,23.0,35.0,13.0
New York Times,2024-11-24,Hard,33:35,-3.0,45.0,17.0,55.0,26.0
New York Times,2024-11-23,Very Easy,16:19,40.0,93.0,77.0,7.0,4.0
New York Times,2024-11-22,Average,17:05,11.0,64.0,34.0,36.0,16.0
New York Times,2024-11-21,Hard,19:48,-6.0,43.0,20.0,57.0,32.0
New York Times,2024-11-20,Average,11:40,10.0,66.0,32.0,34.0,13.0
New York Times,2024-11-19,Hard,8:26,-1.0,49.0,22.0,51.0,20.0
New York Times,2024-11-18,Hard,6:18,-8.0,36.0,9.0,64.0,32.0
New York Times,2024-11-17,Average,25:48,18.0,78.0,48.0,22.0,7.0
New York Times,2024-11-16,Hard,30:08,-12.0,34.0,13.0,66.0,40.0
New York Times,2024-11-15,Average,17:45,8.0,60.0,31.0,40.0,22.0
New York Times,2024-11-14,Easy,14:19,22.0,81.0,53.0,19.0,8.0
New York Times,2024-11-13,Hard,13:59,-8.0,38.0,13.0,62.0,33.0
New York Times,2024-11-12,Average,7:27,14.0,72.0,38.0,28.0,12.0
New York Times,2024-11-11,Easy,4:40,22.0,89.0,56.0,11.0,4.0
New York Times,2024-11-10,Very Hard,39:51,-28.0,17.0,8.0,83.0,61.0
New York Times,2024-11-09,Average,23:42,13.0,69.0,42.0,31.0,14.0
New York Times,2024-11-08,Average,16:11,14.0,70.0,40.0,30.0,14.0
New York Times,2024-11-07,Average,15:56,13.0,70.0,39.0,30.0,14.0
New York Times,2024-11-06,Hard,12:52,-2.0,47.0,22.0,53.0,27.0
New York Times,2024-11-05,Average,8:04,4.0,58.0,24.0,42.0,19.0
New York Times,2024-11-04,Average,5:48,1.0,52.0,18.0,48.0,15.0
New York Times,2024-11-03,Average,29:07,6.0,62.0,26.0,38.0,15.0
New York Times,2024-11-02,Very Hard,33:37,-24.0,25.0,11.0,75.0,55.0
New York Times,2024-11-01,Easy,13:28,29.0,87.0,65.0,13.0,5.0
New York Times,2024-10-31,Hard,20:07,-10.0,37.0,13.0,63.0,39.0
New York Times,2024-10-30,Easy,9:30,26.0,87.0,61.0,13.0,5.0
New York Times,2024-10-29,Easy,6:33,25.0,89.0,62.0,11.0,5.0
New York Times,2024-10-28,Easy,4:28,26.0,92.0,62.0,8.0,2.0
New York Times,2024-10-27,Hard,31:32,-6.0,41.0,15.0,59.0,28.0
New York Times,2024-10-26,Hard,26:08,-2.0,47.0,22.0,53.0,31.0
New York Times,2024-10-25,Average,16:37,14.0,68.0,41.0,32.0,17.0
New York Times,2024-10-24,Hard,21:05,-13.0,33.0,14.0,67.0,40.0
New York Times,2024-10-23,Easy,10:10,21.0,81.0,51.0,19.0,6.0
New York Times,2024-10-22,Average,8:37,2.0,55.0,23.0,45.0,18.0
New York Times,2024-10-21,Hard,6:06,-3.0,44.0,16.0,56.0,23.0
New York Times,2024-10-20,Hard,34:49,-14.0,28.0,9.0,72.0,42.0
New York Times,2024-10-19,Hard,27:39,-12.0,34.0,15.0,66.0,40.0
New York Times,2024-10-18,Average,16:45,12.0,67.0,38.0,33.0,15.0
New York Times,2024-10-17,Average,15:12,17.0,74.0,46.0,26.0,10.0
New York Times,2024-10-16,Average,11:13,14.0,72.0,40.0,28.0,12.0
New York Times,2024-10-15,Average,7:22,17.0,79.0,44.0,21.0,7.0
New York Times,2024-10-14,Average,4:48,19.0,86.0,46.0,14.0,5.0
New York Times,2024-10-13,Average,27:02,10.0,69.0,32.0,31.0,13.0
New York Times,2024-10-12,Very Hard,30:50,-26.0,23.0,8.0,77.0,56.0
New York Times,2024-10-11,Average,18:01,9.0,63.0,34.0,37.0,15.0
New York Times,2024-10-10,Average,16:29,12.0,69.0,36.0,31.0,13.0
New York Times,2024-10-09,Easy,9:32,27.0,88.0,64.0,12.0,5.0
New York Times,2024-10-08,Very Hard,10:24,-19.0,25.0,8.0,75.0,49.0
New York Times,2024-10-07,Hard,6:03,-4.0,41.0,12.0,59.0,28.0
New York Times,2024-10-06,Hard,32:47,-8.0,36.0,12.0,64.0,33.0
New York Times,2024-10-05,Average,22:51,8.0,61.0,32.0,39.0,19.0
New York Times,2024-10-04,Hard,20:17,-4.0,45.0,19.0,55.0,30.0
New York Times,2024-10-03,Hard,20:04,-7.0,39.0,17.0,61.0,36.0
New York Times,2024-10-02,Hard,13:28,-2.0,48.0,20.0,52.0,27.0
New York Times,2024-10-01,Average,7:56,4.0,57.0,25.0,43.0,17.0
New York Times,2024-09-30,Average,5:31,8.0,66.0,25.0,34.0,12.0
New York Times,2024-09-29,Hard,32:42,-8.0,35.0,13.0,65.0,33.0
New York Times,2024-09-28,Average,23:05,8.0,60.0,34.0,40.0,20.0
New York Times,2024-09-27,Hard,19:50,-1.0,48.0,22.0,52.0,28.0
New York Times,2024-09-26,Average,15:20,18.0,75.0,47.0,25.0,10.0
New York Times,2024-09-25,Very Hard,16:06,-25.0,22.0,7.0,78.0,55.0
New York Times,2024-09-24,Average,7:20,14.0,73.0,36.0,27.0,10.0
New York Times,2024-09-23,Average,5:21,11.0,72.0,30.0,28.0,9.0
New York Times,2024-09-22,Average,25:05,17.0,80.0,45.0,20.0,6.0
New York Times,2024-09-21,Easy,20:09,20.0,76.0,51.0,24.0,10.0
New York Times,2024-09-20,Hard,20:02,-6.0,43.0,19.0,57.0,33.0
New York Times,2024-09-19,Very Hard,22:26,-23.0,24.0,9.0,76.0,52.0
New York Times,2024-09-18,Hard,13:09,-3.0,46.0,18.0,54.0,28.0
New York Times,2024-09-17,Hard,9:23,-13.0,29.0,10.0,71.0,40.0
New York Times,2024-09-16,Hard,6:07,-5.0,41.0,13.0,59.0,25.0
New York Times,2024-09-15,Average,25:13,17.0,79.0,44.0,21.0,6.0
New York Times,2024-09-14,Average,22:00,14.0,67.0,42.0,33.0,14.0
New York Times,2024-09-13,Average,18:06,3.0,53.0,27.0,47.0,26.0
New York Times,2024-09-12,Very Easy,12:07,32.0,91.0,73.0,9.0,4.0
New York Times,2024-09-11,Very Hard,15:08,-25.0,22.0,7.0,78.0,55.0
New York Times,2024-09-10,Hard,8:56,-6.0,41.0,15.0,59.0,28.0
New York Times,2024-09-09,Hard,6:29,-11.0,30.0,7.0,70.0,37.0
New York Times,2024-09-08,Average,28:52,8.0,65.0,30.0,35.0,14.0
New York Times,2024-09-07,Average,23:32,7.0,60.0,32.0,40.0,21.0
New York Times,2024-09-06,Average,16:07,15.0,74.0,42.0,26.0,12.0
New York Times,2024-09-05,Easy,13:50,26.0,86.0,60.0,14.0,6.0
New York Times,2024-09-04,Average,10:29,14.0,73.0,40.0,27.0,9.0
New York Times,2024-09-03,Average,7:05,17.0,80.0,45.0,20.0,7.0
New York Times,2024-09-02,Average,5:42,2.0,54.0,17.0,46.0,17.0
New York Times,2024-09-01,Hard,33:33,-5.0,42.0,16.0,58.0,30.0
New York Times,2024-08-31,Very Hard,33:36,-34.0,18.0,7.0,82.0,63.0
New York Times,2024-08-30,Average,18:28,4.0,55.0,28.0,45.0,23.0
New York Times,2024-08-29,Very Hard,21:21,-14.0,31.0,10.0,69.0,43.0
New York Times,2024-08-28,Hard,13:33,-7.0,41.0,15.0,59.0,33.0
New York Times,2024-08-27,Average,7:21,17.0,77.0,43.0,23.0,8.0
New York Times,2024-08-26,Average,5:30,6.0,62.0,25.0,38.0,14.0
New York Times,2024-08-25,Average,28:22,9.0,65.0,30.0,35.0,14.0
New York Times,2024-08-24,Easy,19:32,23.0,78.0,54.0,22.0,8.0
New York Times,2024-08-23,Average,16:44,13.0,67.0,39.0,33.0,16.0
New York Times,2024-08-22,Easy,15:26,20.0,77.0,51.0,23.0,9.0
New York Times,2024-08-21,Average,11:09,12.0,69.0,36.0,31.0,13.0
New York Times,2024-08-20,Hard,9:20,-5.0,42.0,18.0,58.0,29.0
New York Times,2024-08-19,Hard,6:24,-11.0,31.0,11.0,69.0,34.0
New York Times,2024-08-18,Easy,24:55,21.0,84.0,53.0,16.0,6.0
New York Times,2024-08-17,Easy,20:07,20.0,76.0,51.0,24.0,12.0
New York Times,2024-08-16,Average,18:41,5.0,56.0,29.0,44.0,23.0
New York Times,2024-08-15,Very Hard,23:13,-23.0,24.0,8.0,76.0,53.0
New York Times,2024-08-14,Average,10:16,18.0,76.0,48.0,24.0,10.0
New York Times,2024-08-13,Average,7:44,12.0,69.0,34.0,31.0,11.0
New York Times,2024-08-12,Average,5:03,14.0,77.0,36.0,23.0,8.0
New York Times,2024-08-11,Hard,34:42,-10.0,35.0,13.0,65.0,37.0
New York Times,2024-08-10,Easy,18:24,29.0,84.0,63.0,16.0,7.0
New York Times,2024-08-09,Easy,14:31,28.0,83.0,61.0,17.0,8.0
New York Times,2024-08-08,Average,15:40,16.0,72.0,44.0,28.0,13.0
New York Times,2024-08-07,Very Hard,15:22,-20.0,25.0,9.0,75.0,50.0
New York Times,2024-08-06,Hard,9:56,-12.0,32.0,11.0,68.0,41.0
New York Times,2024-08-05,Average,5:02,15.0,79.0,38.0,21.0,6.0
New York Times,2024-08-04,Average,29:23,5.0,59.0,26.0,41.0,19.0
New York Times,2024-08-03,Hard,25:35,-2.0,47.0,22.0,53.0,30.0
New York Times,2024-08-02,Very Hard,28:01,-50.0,12.0,4.0,88.0,74.0
New York Times,2024-08-01,Average,18:28,5.0,57.0,27.0,43.0,21.0
New York Times,2024-07-31,Easy,9:18,26.0,87.0,65.0,13.0,4.0
New York Times,2024-07-30,Easy,6:52,23.0,84.0,56.0,16.0,6.0
New York Times,2024-07-29,Average,5:07,15.0,77.0,38.0,23.0,8.0
New York Times,2024-07-28,Average,28:06,11.0,69.0,34.0,31.0,14.0
New York Times,2024-07-27,Very Hard,33:11,-39.0,18.0,6.0,82.0,67.0
New York Times,2024-07-26,Average,16:54,8.0,61.0,31.0,39.0,21.0
New York Times,2024-07-25,Average,18:04,4.0,56.0,29.0,44.0,23.0
New York Times,2024-07-24,Easy,9:51,25.0,83.0,58.0,17.0,7.0
New York Times,2024-07-23,Easy,6:42,25.0,88.0,61.0,12.0,4.0
New York Times,2024-07-22,Hard,6:19,-6.0,37.0,11.0,63.0,30.0
New York Times,2024-07-21,Average,28:53,10.0,63.0,33.0,37.0,15.0
New York Times,2024-07-20,Average,23:03,3.0,55.0,28.0,45.0,23.0
New York Times,2024-07-19,Average,16:46,9.0,63.0,32.0,37.0,17.0
New York Times,2024-07-18,Easy,15:40,20.0,77.0,49.0,23.0,9.0
New York Times,2024-07-17,Easy,10:01,23.0,84.0,57.0,16.0,5.0
New York Times,2024-07-16,Average,8:21,8.0,64.0,29.0,36.0,14.0
New York Times,2024-07-15,Average,4:51,16.0,82.0,40.0,18.0,7.0
New York Times,2024-07-14,Easy,23:56,25.0,88.0,60.0,12.0,4.0
New York Times,2024-07-13,Average,24:00,0.0,51.0,25.0,49.0,28.0
New York Times,2024-07-12,Very Easy,12:36,34.0,91.0,70.0,9.0,3.0
New York Times,2024-07-11,Average,16:48,12.0,69.0,37.0,31.0,14.0
New York Times,2024-07-10,Hard,13:40,-6.0,43.0,17.0,57.0,33.0
New York Times,2024-07-09,Average,7:55,14.0,72.0,39.0,28.0,11.0
New York Times,2024-07-08,Average,5:30,7.0,64.0,26.0,36.0,12.0
New York Times,2024-07-07,Hard,34:18,-4.0,44.0,19.0,56.0,29.0
New York Times,2024-07-06,Average,25:02,0.0,50.0,25.0,50.0,28.0
New York Times,2024-07-05,Average,16:04,19.0,73.0,48.0,27.0,14.0
New York Times,2024-07-04,Very Easy,13:21,34.0,90.0,72.0,10.0,5.0
New York Times,2024-07-03,Average,11:47,13.0,69.0,38.0,31.0,15.0
New York Times,2024-07-02,Hard,9:35,-4.0,43.0,15.0,57.0,28.0
New York Times,2024-07-01,Average,5:51,5.0,61.0,22.0,39.0,14.0
New York Times,2024-06-30,Hard,33:35,-2.0,47.0,21.0,53.0,22.0
New York Times,2024-06-29,Average,21:22,12.0,66.0,40.0,34.0,15.0
New York Times,2024-06-28,Very Hard,22:27,-14.0,36.0,15.0,64.0,43.0
New York Times,2024-06-27,Average,20:24,1.0,51.0,24.0,49.0,25.0
New York Times,2024-06-26,Average,12:32,6.0,60.0,30.0,40.0,19.0
New York Times,2024-06-25,Average,8:34,7.0,62.0,31.0,38.0,15.0
New York Times,2024-06-24,Average,6:01,1.0,52.0,18.0,48.0,19.0
New York Times,2024-06-23,Average,32:07,4.0,57.0,25.0,43.0,19.0
New York Times,2024-06-22,Hard,28:31,-13.0,33.0,15.0,67.0,43.0
New York Times,2024-06-21,Average,18:33,7.0,59.0,32.0,41.0,20.0
New York Times,2024-06-20,Very Hard,24:22,-19.0,27.0,10.0,73.0,49.0
New York Times,2024-06-19,Hard,15:00,-9.0,38.0,17.0,62.0,36.0
New York Times,2024-06-18,Easy,6:35,29.0,89.0,66.0,11.0,5.0
New York Times,2024-06-17,Average,5:16,16.0,77.0,40.0,23.0,8.0
New York Times,2024-06-16,Average,33:16,3.0,54.0,24.0,46.0,20.0
New York Times,2024-06-15,Easy,20:46,24.0,79.0,56.0,21.0,9.0
New York Times,2024-06-14,Easy,16:37,21.0,77.0,52.0,23.0,8.0
New York Times,2024-06-13,Average,17:32,15.0,71.0,43.0,29.0,11.0
New York Times,2024-06-12,Hard,13:23,-3.0,45.0,21.0,55.0,28.0
New York Times,2024-06-11,Very Hard,11:00,-20.0,22.0,9.0,78.0,50.0
New York Times,2024-06-10,Hard,6:33,-4.0,42.0,18.0,58.0,26.0
New York Times,2024-06-09,Easy,26:08,25.0,85.0,58.0,15.0,7.0
New York Times,2024-06-08,Easy,22:36,22.0,77.0,53.0,23.0,10.0
New York Times,2024-06-07,Hard,23:14,-13.0,34.0,15.0,66.0,41.0
New York Times,2024-06-06,Average,17:29,17.0,73.0,45.0,27.0,13.0
New York Times,2024-06-05,Easy,10:27,20.0,80.0,50.0,20.0,7.0
New York Times,2024-06-04,Easy,7:08,24.0,88.0,59.0,12.0,4.0
New York Times,2024-06-03,Average,5:51,5.0,59.0,28.0,41.0,18.0
New York Times,2024-06-02,Average,31:14,12.0,70.0,37.0,30.0,12.0
New York Times,2024-06-01,Very Easy,21:27,31.0,83.0,63.0,17.0,8.0
New York Times,2024-05-31,Easy,16:54,19.0,75.0,49.0,25.0,11.0
New York Times,2024-05-30,Easy,15:48,23.0,79.0,54.0,21.0,7.0
New York Times,2024-05-29,Average,11:52,9.0,65.0,32.0,35.0,15.0
New York Times,2024-05-28,Hard,9:57,-2.0,47.0,18.0,53.0,27.0
New York Times,2024-05-27,Average,5:11,16.0,80.0,40.0,20.0,8.0
New York Times,2024-05-26,Very Easy,23:56,33.0,92.0,74.0,8.0,3.0
New York Times,2024-05-25,Very Easy,19:48,35.0,87.0,69.0,13.0,6.0
New York Times,2024-05-24,Very Easy,13:14,39.0,91.0,78.0,9.0,3.0
New York Times,2024-05-23,Average,18:42,9.0,63.0,34.0,37.0,20.0
New York Times,2024-05-22,Hard,13:02,-1.0,49.0,23.0,51.0,28.0
New York Times,2024-05-21,Average,9:16,1.0,52.0,21.0,48.0,25.0
New York Times,2024-05-20,Easy,4:52,22.0,87.0,55.0,13.0,5.0
New York Times,2024-05-19,Average,28:44,17.0,80.0,45.0,20.0,7.0
New York Times,2024-05-18,Very Easy,20:32,33.0,86.0,68.0,14.0,7.0
New York Times,2024-05-17,Very Easy,12:42,45.0,93.0,83.0,7.0,4.0
New York Times,2024-05-16,Easy,16:26,20.0,78.0,50.0,22.0,9.0
New York Times,2024-05-15,Hard,13:12,-2.0,48.0,23.0,52.0,28.0
New York Times,2024-05-14,Easy,7:22,21.0,84.0,51.0,16.0,6.0
New York Times,2024-05-13,Average,6:05,5.0,58.0,25.0,42.0,15.0
New York Times,2024-05-12,Hard,37:55,-10.0,33.0,13.0,67.0,36.0
New York Times,2024-05-11,Very Easy,20:00,35.0,88.0,69.0,12.0,5.0
New York Times,2024-05-10,Easy,18:04,20.0,76.0,50.0,24.0,10.0
New York Times,2024-05-09,Hard,20:44,-1.0,48.0,21.0,52.0,26.0
New York Times,2024-05-08,Very Easy,8:54,31.0,89.0,71.0,11.0,6.0
New York Times,2024-05-07,Average,8:34,6.0,59.0,28.0,41.0,22.0
New York Times,2024-05-06,Easy,4:29,30.0,92.0,71.0,8.0,3.0
New York Times,2024-05-05,Easy,26:18,25.0,87.0,60.0,13.0,5.0
New York Times,2024-05-04,Easy,21:35,29.0,83.0,62.0,17.0,7.0
New York Times,2024-05-03,Easy,18:05,23.0,79.0,55.0,21.0,10.0
New York Times,2024-05-02,Easy,16:39,19.0,77.0,48.0,23.0,10.0
New York Times,2024-05-01,Average,11:12,12.0,70.0,37.0,30.0,13.0
New York Times,2024-04-30,Average,8:53,5.0,57.0,24.0,43.0,19.0
New York Times,2024-04-29,Average,5:46,10.0,69.0,32.0,31.0,12.0
New York Times,2024-04-28,Average,32:17,7.0,62.0,26.0,38.0,19.0
New York Times,2024-04-27,Hard,32:22,-8.0,41.0,19.0,59.0,39.0
New York Times,2024-04-26,Average,22:26,3.0,55.0,28.0,45.0,24.0
New York Times,2024-04-25,Average,17:10,18.0,73.0,47.0,27.0,11.0
New York Times,2024-04-24,Very Hard,15:36,-18.0,28.0,11.0,72.0,48.0
New York Times,2024-04-23,Very Hard,10:26,-16.0,29.0,14.0,71.0,44.0
New York Times,2024-04-22,Very Hard,8:07,-30.0,16.0,8.0,84.0,62.0
New York Times,2024-04-21,Very Hard,40:41,-16.0,28.0,10.0,72.0,45.0
New York Times,2024-04-20,Average,24:29,13.0,68.0,40.0,32.0,14.0
New York Times,2024-04-19,Average,18:58,15.0,71.0,43.0,29.0,10.0
New York Times,2024-04-18,Very Hard,25:33,-20.0,28.0,11.0,72.0,50.0
New York Times,2024-04-17,Average,12:39,3.0,56.0,26.0,44.0,24.0
New York Times,2024-04-16,Easy,7:34,19.0,81.0,48.0,19.0,7.0
New York Times,2024-04-15,Average,6:11,1.0,52.0,20.0,48.0,20.0
New York Times,2024-04-14,Average,34:07,0.0,50.0,20.0,50.0,22.0
New York Times,2024-04-13,Average,26:49,5.0,56.0,30.0,44.0,22.0
New York Times,2024-04-12,Hard,25:38,-13.0,35.0,15.0,65.0,41.0
New York Times,2024-04-11,Hard,22:01,-6.0,42.0,19.0,58.0,31.0
New York Times,2024-04-10,Very Hard,15:00,-19.0,29.0,12.0,71.0,49.0
New York Times,2024-04-09,Easy,7:24,20.0,83.0,49.0,17.0,7.0
New York Times,2024-04-08,Average,6:15,2.0,54.0,20.0,46.0,24.0
New York Times,2024-04-07,Hard,35:04,-7.0,38.0,15.0,62.0,31.0
New York Times,2024-04-06,Very Hard,41:31,-50.0,15.0,6.0,85.0,74.0
New York Times,2024-04-05,Average,21:13,1.0,51.0,24.0,49.0,24.0
New York Times,2024-04-04,Hard,21:59,-1.0,49.0,20.0,51.0,29.0
New York Times,2024-04-03,Average,10:34,15.0,72.0,43.0,28.0,10.0
New York Times,2024-04-02,Average,8:57,2.0,53.0,24.0,47.0,20.0
New York Times,2024-04-01,Very Hard,7:17,-18.0,26.0,12.0,74.0,46.0
New York Times,2024-03-31,Hard,33:13,-0.0,50.0,20.0,50.0,23.0
New York Times,2024-03-30,Very Hard,42:23,-62.0,10.0,5.0,90.0,79.0
New York Times,2024-03-29,Average,19:07,14.0,68.0,40.0,32.0,14.0
New York Times,2024-03-28,Hard,23:36,-12.0,35.0,14.0,65.0,40.0
New York Times,2024-03-27,Average,10:55,11.0,68.0,35.0,32.0,14.0
New York Times,2024-03-26,Very Hard,10:28,-15.0,28.0,11.0,72.0,44.0
New York Times,2024-03-25,Easy,5:07,20.0,85.0,50.0,15.0,6.0
New York Times,2024-03-24,Hard,33:22,-2.0,46.0,18.0,54.0,25.0
New York Times,2024-03-23,Very Hard,37:09,-57.0,12.0,6.0,88.0,76.0
New York Times,2024-03-22,Hard,22:26,-2.0,48.0,26.0,52.0,31.0
New York Times,2024-03-21,Average,17:13,16.0,73.0,44.0,27.0,12.0
New York Times,2024-03-20,Average,12:53,2.0,54.0,23.0,46.0,22.0
New York Times,2024-03-19,Hard,9:10,-2.0,47.0,19.0,53.0,26.0
New York Times,2024-03-18,Average,5:14,18.0,82.0,44.0,18.0,6.0
New York Times,2024-03-17,Hard,35:01,-6.0,41.0,16.0,59.0,30.0
New York Times,2024-03-16,Average,19:34,15.0,70.0,42.0,30.0,13.0
New York Times,2024-03-15,Very Hard,28:08,-26.0,23.0,8.0,77.0,56.0
New York Times,2024-03-14,Very Easy,11:11,47.0,96.0,87.0,4.0,3.0
New York Times,2024-03-13,Easy,10:16,22.0,79.0,53.0,21.0,10.0
New York Times,2024-03-12,Hard,9:12,-1.0,48.0,21.0,52.0,23.0
New York Times,2024-03-11,Average,5:21,17.0,78.0,43.0,22.0,7.0
New York Times,2024-03-10,Easy,27:23,19.0,79.0,48.0,21.0,9.0
New York Times,2024-03-09,Hard,25:06,-10.0,39.0,18.0,61.0,39.0
New York Times,2024-03-08,Very Hard,25:46,-25.0,26.0,10.0,74.0,54.0
New York Times,2024-03-07,Hard,22:06,-9.0,37.0,15.0,63.0,36.0
New York Times,2024-03-06,Average,12:08,10.0,66.0,32.0,34.0,15.0
New York Times,2024-03-05,Average,7:26,19.0,79.0,47.0,21.0,8.0
New York Times,2024-03-04,Average,5:41,14.0,72.0,36.0,28.0,11.0
New York Times,2024-03-03,Hard,34:44,-2.0,46.0,18.0,54.0,27.0
New York Times,2024-03-02,Hard,25:38,-13.0,35.0,15.0,65.0,43.0
New York Times,2024-03-01,Average,19:59,2.0,53.0,27.0,47.0,24.0
New York Times,2024-02-29,Easy,14:29,30.0,85.0,66.0,15.0,6.0
New York Times,2024-02-28,Very Easy,8:31,39.0,95.0,82.0,5.0,2.0
New York Times,2024-02-27,Very Easy,5:00,47.0,99.0,93.0,1.0,1.0
New York Times,2024-02-26,Average,5:25,17.0,82.0,44.0,18.0,6.0
New York Times,2024-02-25,Easy,27:06,19.0,81.0,49.0,19.0,7.0
New York Times,2024-02-24,Average,19:27,15.0,70.0,45.0,30.0,14.0
New York Times,2024-02-23,Average,19:09,5.0,56.0,31.0,44.0,22.0
New York Times,2024-02-22,Hard,20:12,-5.0,44.0,18.0,56.0,32.0
New York Times,2024-02-21,Easy,10:05,28.0,89.0,65.0,11.0,5.0
New York Times,2024-02-20,Hard,10:30,-8.0,37.0,13.0,63.0,36.0
New York Times,2024-02-19,Hard,6:33,-1.0,49.0,21.0,51.0,23.0
New York Times,2024-02-18,Average,28:36,15.0,76.0,41.0,24.0,9.0
New York Times,2024-02-17,Average,21:04,10.0,62.0,37.0,38.0,19.0
New York Times,2024-02-16,Easy,14:55,29.0,87.0,66.0,13.0,5.0
New York Times,2024-02-15,Very Hard,26:55,-43.0,12.0,4.0,88.0,73.0
New York Times,2024-02-14,Hard,15:30,-7.0,41.0,17.0,59.0,36.0
New York Times,2024-02-13,Average,8:30,9.0,67.0,32.0,33.0,12.0
New York Times,2024-02-12,Average,5:42,12.0,73.0,37.0,27.0,9.0
New York Times,2024-02-11,Average,29:51,13.0,71.0,36.0,29.0,12.0
New York Times,2024-02-10,Average,19:51,18.0,73.0,47.0,27.0,13.0
New York Times,2024-02-09,Hard,22:33,-6.0,42.0,18.0,58.0,34.0
New York Times,2024-02-08,Average,17:23,5.0,58.0,28.0,42.0,22.0
New York Times,2024-02-07,Average,13:01,6.0,58.0,30.0,42.0,20.0
New York Times,2024-02-06,Hard,9:34,-7.0,39.0,16.0,61.0,31.0
New York Times,2024-02-05,Average,6:14,7.0,63.0,26.0,37.0,17.0
New York Times,2024-02-04,Average,30:52,10.0,68.0,33.0,32.0,13.0
New York Times,2024-02-03,Hard,25:04,-1.0,49.0,23.0,51.0,29.0
New York Times,2024-02-02,Average,20:49,1.0,51.0,24.0,49.0,28.0
New York Times,2024-02-01,Very Hard,21:33,-19.0,28.0,10.0,72.0,49.0
New York Times,2024-01-31,Average,12:09,11.0,67.0,35.0,33.0,17.0
New York Times,2024-01-30,Average,8:20,7.0,62.0,29.0,38.0,16.0
New York Times,2024-01-29,Hard,6:50,-5.0,43.0,16.0,57.0,32.0
New York Times,2024-01-28,Average,33:02,5.0,60.0,27.0,40.0,18.0
New York Times,2024-01-27,Average,22:45,10.0,62.0,37.0,38.0,21.0
New York Times,2024-01-26,Very Easy,14:08,33.0,89.0,71.0,11.0,5.0
New York Times,2024-01-25,Hard,20:06,-10.0,37.0,15.0,63.0,37.0
New York Times,2024-01-24,Easy,10:06,30.0,90.0,67.0,10.0,4.0
New York Times,2024-01-23,Easy,7:05,22.0,84.0,54.0,16.0,6.0
New York Times,2024-01-22,Hard,6:44,-5.0,40.0,17.0,60.0,28.0
New York Times,2024-01-21,Average,28:42,18.0,76.0,46.0,24.0,8.0
New York Times,2024-01-20,Average,21:18,11.0,65.0,38.0,35.0,18.0
New York Times,2024-01-19,Average,18:09,15.0,72.0,43.0,28.0,13.0
New York Times,2024-01-18,Hard,20:25,-13.0,35.0,15.0,65.0,42.0
New York Times,2024-01-17,Average,12:41,12.0,67.0,37.0,33.0,14.0
New York Times,2024-01-16,Hard,9:52,-9.0,37.0,16.0,63.0,34.0
New York Times,2024-01-15,Hard,6:44,-3.0,45.0,17.0,55.0,25.0
New York Times,2024-01-14,Average,35:16,0.0,50.0,22.0,50.0,23.0
New York Times,2024-01-13,Very Easy,14:35,45.0,93.0,82.0,7.0,3.0
New York Times,2024-01-12,Average,19:00,13.0,68.0,40.0,32.0,15.0
New York Times,2024-01-11,Average,16:25,8.0,62.0,32.0,38.0,19.0
New York Times,2024-01-10,Hard,16:19,-13.0,35.0,16.0,65.0,41.0
New York Times,2024-01-09,Average,8:52,3.0,56.0,24.0,44.0,21.0
New York Times,2024-01-08,Very Easy,4:32,32.0,94.0,75.0,6.0,3.0
New York Times,2024-01-07,Hard,38:20,-11.0,34.0,14.0,66.0,38.0
New York Times,2024-01-06,Very Easy,14:19,50.0,96.0,89.0,4.0,1.0
New York Times,2024-01-05,Very Hard,28:27,-35.0,20.0,9.0,80.0,64.0
New York Times,2024-01-04,Average,16:03,13.0,67.0,40.0,33.0,15.0
New York Times,2024-01-03,Easy,11:14,23.0,81.0,55.0,19.0,7.0
New York Times,2024-01-02,Average,8:03,8.0,64.0,31.0,36.0,15.0
New York Times,2024-01-01,Easy,5:18,22.0,84.0,53.0,16.0,6.0
New York Times,2023-12-31,Average,28:19,18.0,76.0,47.0,24.0,9.0
New York Times,2023-12-30,Average,22:41,18.0,72.0,48.0,28.0,12.0
New York Times,2023-12-29,Easy,14:47,28.0,85.0,62.0,15.0,7.0
New York Times,2023-12-28,Easy,14:33,25.0,82.0,57.0,18.0,7.0
New York Times,2023-12-27,Hard,15:07,-6.0,43.0,22.0,57.0,32.0
New York Times,2023-12-26,Hard,9:10,-2.0,47.0,21.0,53.0,25.0
New York Times,2023-12-25,Hard,6:44,-1.0,48.0,19.0,52.0,27.0
New York Times,2023-12-24,Hard,34:37,-2.0,46.0,19.0,54.0,26.0
New York Times,2023-12-23,Average,24:49,13.0,67.0,41.0,33.0,15.0
New York Times,2023-12-22,Hard,20:39,-6.0,43.0,22.0,57.0,34.0
New York Times,2023-12-21,Easy,15:41,20.0,77.0,50.0,23.0,8.0
New York Times,2023-12-20,Very Hard,16:16,-18.0,30.0,11.0,70.0,48.0
New York Times,2023-12-19,Hard,9:41,-12.0,33.0,16.0,67.0,39.0
New York Times,2023-12-18,Hard,6:37,-2.0,48.0,18.0,52.0,25.0
New York Times,2023-12-17,Average,28:04,19.0,76.0,48.0,24.0,11.0
New York Times,2023-12-16,Average,27:38,3.0,53.0,30.0,47.0,24.0
New York Times,2023-12-15,Average,16:49,17.0,71.0,46.0,29.0,14.0
New York Times,2023-12-14,Very Easy,12:28,41.0,94.0,83.0,6.0,3.0
New York Times,2023-12-13,Easy,10:27,25.0,83.0,57.0,17.0,6.0
New York Times,2023-12-12,Very Hard,10:43,-22.0,25.0,9.0,75.0,52.0
New York Times,2023-12-11,Average,5:33,16.0,79.0,41.0,21.0,8.0
New York Times,2023-12-10,Easy,26:56,21.0,83.0,52.0,17.0,7.0
New York Times,2023-12-09,Hard,31:09,-12.0,36.0,15.0,64.0,42.0
New York Times,2023-12-08,Average,18:37,7.0,59.0,33.0,41.0,20.0
New York Times,2023-12-07,Very Easy,14:24,32.0,89.0,70.0,11.0,4.0
New York Times,2023-12-06,Hard,15:04,-11.0,34.0,17.0,66.0,39.0
New York Times,2023-12-05,Easy,6:30,23.0,85.0,56.0,15.0,6.0
New York Times,2023-12-04,Average,6:18,3.0,55.0,24.0,45.0,16.0
New York Times,2023-12-03,Very Hard,40:53,-18.0,26.0,10.0,74.0,47.0
New York Times,2023-12-02,Average,26:32,0.0,50.0,26.0,50.0,27.0
New York Times,2023-12-01,Hard,19:29,-2.0,48.0,23.0,52.0,28.0
New York Times,2023-11-30,Average,18:09,15.0,71.0,42.0,29.0,13.0
New York Times,2023-11-29,Easy,9:52,30.0,88.0,69.0,12.0,6.0
New York Times,2023-11-28,Easy,6:50,23.0,85.0,57.0,15.0,7.0
New York Times,2023-11-27,Hard,6:45,-4.0,43.0,16.0,57.0,28.0
New York Times,2023-11-26,Average,31:59,1.0,52.0,24.0,48.0,21.0
New York Times,2023-11-25,Hard,27:33,-3.0,47.0,22.0,53.0,31.0
New York Times,2023-11-24,Average,19:10,1.0,52.0,26.0,48.0,28.0
New York Times,2023-11-23,Easy,17:09,20.0,75.0,50.0,25.0,12.0
New York Times,2023-11-22,Very Easy,9:58,32.0,91.0,71.0,9.0,3.0
New York Times,2023-11-21,Average,8:20,8.0,63.0,30.0,37.0,19.0
New York Times,2023-11-20,Hard,7:07,-9.0,36.0,17.0,64.0,31.0
New York Times,2023-11-19,Easy,24:56,27.0,86.0,63.0,14.0,6.0
New York Times,2023-11-18,Very Easy,17:32,34.0,88.0,69.0,12.0,5.0
New York Times,2023-11-17,Average,19:52,2.0,53.0,26.0,47.0,24.0
New York Times,2023-11-16,Hard,23:21,-13.0,35.0,16.0,65.0,43.0
New York Times,2023-11-15,Hard,16:31,-10.0,39.0,16.0,61.0,37.0
New York Times,2023-11-14,Average,8:01,12.0,69.0,36.0,31.0,12.0
New York Times,2023-11-13,Average,5:48,13.0,75.0,37.0,25.0,10.0
New York Times,2023-11-12,Hard,38:03,-12.0,34.0,12.0,66.0,37.0
New York Times,2023-11-11,Easy,19:53,28.0,85.0,62.0,15.0,6.0
New York Times,2023-11-10,Average,19:25,0.0,50.0,24.0,50.0,30.0
New York Times,2023-11-09,Hard,20:11,-4.0,46.0,22.0,54.0,29.0
New York Times,2023-11-08,Average,13:17,14.0,67.0,40.0,33.0,16.0
New York Times,2023-11-07,Average,8:04,12.0,68.0,37.0,32.0,13.0
New York Times,2023-11-06,Very Hard,7:38,-16.0,28.0,13.0,72.0,43.0
New York Times,2023-11-05,Average,30:13,9.0,64.0,32.0,36.0,15.0
New York Times,2023-11-04,Hard,31:24,-10.0,36.0,15.0,64.0,39.0
New York Times,2023-11-03,Average,19:39,1.0,52.0,28.0,48.0,25.0
New York Times,2023-11-02,Very Easy,11:51,43.0,96.0,86.0,4.0,2.0
New York Times,2023-11-01,Very Hard,17:24,-17.0,29.0,12.0,71.0,47.0
New York Times,2023-10-31,Average,7:58,14.0,73.0,40.0,27.0,11.0
New York Times,2023-10-30,Average,5:49,13.0,73.0,37.0,27.0,9.0
New York Times,2023-10-29,Average,28:13,18.0,77.0,46.0,23.0,10.0
New York Times,2023-10-28,Very Hard,30:48,-16.0,32.0,13.0,68.0,45.0
New York Times,2023-10-27,Average,17:16,12.0,67.0,38.0,33.0,16.0
New York Times,2023-10-26,Average,17:50,12.0,67.0,41.0,33.0,18.0
New York Times,2023-10-25,Average,14:41,4.0,56.0,29.0,44.0,25.0
New York Times,2023-10-24,Average,8:50,4.0,57.0,28.0,43.0,20.0
New York Times,2023-10-23,Average,5:58,10.0,68.0,30.0,32.0,13.0
New York Times,2023-10-22,Hard,35:49,-7.0,38.0,14.0,62.0,33.0
New York Times,2023-10-21,Average,22:41,14.0,68.0,40.0,32.0,18.0
New York Times,2023-10-20,Average,17:53,4.0,55.0,29.0,45.0,23.0
New York Times,2023-10-19,Very Hard,26:30,-28.0,21.0,8.0,79.0,58.0
New York Times,2023-10-18,Easy,11:16,21.0,80.0,52.0,20.0,9.0
New York Times,2023-10-17,Hard,10:23,-12.0,34.0,15.0,66.0,41.0
New York Times,2023-10-16,Average,5:26,17.0,80.0,43.0,20.0,8.0
New York Times,2023-10-15,Hard,37:22,-11.0,35.0,12.0,65.0,38.0
New York Times,2023-10-14,Very Hard,30:54,-18.0,28.0,13.0,72.0,48.0
New York Times,2023-10-13,Average,16:31,17.0,72.0,45.0,28.0,11.0
New York Times,2023-10-12,Very Hard,27:41,-42.0,14.0,6.0,86.0,70.0
New York Times,2023-10-11,Easy,11:21,21.0,79.0,52.0,21.0,9.0
New York Times,2023-10-10,Very Easy,5:44,38.0,95.0,83.0,5.0,2.0
New York Times,2023-10-09,Average,5:59,9.0,64.0,28.0,36.0,17.0
New York Times,2023-10-08,Average,30:53,9.0,67.0,33.0,33.0,13.0
New York Times,2023-10-07,Average,26:22,1.0,51.0,24.0,49.0,26.0
New York Times,2023-10-06,Average,20:34,0.0,50.0,24.0,50.0,27.0
New York Times,2023-10-05,Average,17:59,7.0,60.0,29.0,40.0,19.0
New York Times,2023-10-04,Very Hard,17:28,-26.0,23.0,9.0,77.0,57.0
New York Times,2023-10-03,Average,8:30,7.0,63.0,29.0,37.0,16.0
New York Times,2023-10-02,Hard,6:33,-1.0,48.0,20.0,52.0,23.0
New York Times,2023-10-01,Average,30:49,11.0,68.0,35.0,32.0,14.0
New York Times,2023-09-30,Easy,21:39,20.0,76.0,50.0,24.0,11.0
New York Times,2023-09-29,Easy,16:06,19.0,75.0,49.0,25.0,12.0
New York Times,2023-09-28,Easy,14:54,24.0,80.0,57.0,20.0,10.0
New York Times,2023-09-27,Easy,10:11,24.0,80.0,57.0,20.0,9.0
New York Times,2023-09-26,Average,7:46,16.0,76.0,44.0,24.0,9.0
New York Times,2023-09-25,Average,5:56,8.0,65.0,29.0,35.0,14.0
New York Times,2023-09-24,Average,33:11,3.0,56.0,24.0,44.0,19.0
New York Times,2023-09-23,Average,24:54,7.0,58.0,33.0,42.0,21.0
New York Times,2023-09-22,Easy,15:37,26.0,82.0,58.0,18.0,7.0
New York Times,2023-09-21,Average,20:06,3.0,54.0,26.0,46.0,26.0
New York Times,2023-09-20,Average,11:10,18.0,76.0,47.0,24.0,10.0
New York Times,2023-09-19,Very Hard,11:58,-25.0,25.0,10.0,75.0,55.0
New York Times,2023-09-18,Average,5:49,9.0,65.0,30.0,35.0,16.0
New York Times,2023-09-17,Easy,25:25,28.0,88.0,64.0,12.0,5.0
New York Times,2023-09-16,Average,23:12,12.0,64.0,40.0,36.0,17.0
New York Times,2023-09-15,Average,20:40,4.0,55.0,28.0,45.0,25.0
New York Times,2023-09-14,Hard,19:51,-1.0,49.0,24.0,51.0,30.0
New York Times,2023-09-13,Very Hard,15:24,-14.0,31.0,13.0,69.0,44.0
New York Times,2023-09-12,Average,8:15,10.0,65.0,32.0,35.0,18.0
New York Times,2023-09-11,Average,6:26,1.0,51.0,20.0,49.0,21.0
New York Times,2023-09-10,Average,32:45,5.0,58.0,26.0,42.0,18.0
New York Times,2023-09-09,Hard,26:13,-2.0,47.0,25.0,53.0,30.0
New York Times,2023-09-08,Average,20:16,3.0,54.0,28.0,46.0,26.0
New York Times,2023-09-07,Very Easy,11:33,44.0,93.0,85.0,7.0,4.0
New York Times,2023-09-06,Very Hard,17:56,-40.0,18.0,8.0,82.0,65.0
New York Times,2023-09-05,Average,8:23,7.0,61.0,31.0,39.0,15.0
New York Times,2023-09-04,Very Hard,7:28,-16.0,28.0,12.0,72.0,45.0
New York Times,2023-09-03,Average,31:15,14.0,71.0,38.0,29.0,11.0
New York Times,2023-09-02,Easy,20:45,19.0,73.0,49.0,27.0,14.0
New York Times,2023-09-01,Average,18:07,13.0,68.0,40.0,32.0,15.0
New York Times,2023-08-31,Very Easy,14:39,33.0,88.0,71.0,12.0,5.0
New York Times,2023-08-30,Very Hard,17:36,-39.0,17.0,8.0,83.0,67.0
New York Times,2023-08-29,Average,7:48,16.0,74.0,42.0,26.0,12.0
New York Times,2023-08-28,Hard,6:25,-0.0,50.0,18.0,50.0,24.0
New York Times,2023-08-27,Easy,28:50,21.0,81.0,52.0,19.0,7.0
New York Times,2023-08-26,Hard,29:43,-10.0,37.0,16.0,63.0,41.0
New York Times,2023-08-25,Average,18:55,8.0,61.0,34.0,39.0,19.0
New York Times,2023-08-24,Average,18:52,13.0,69.0,42.0,31.0,14.0
New York Times,2023-08-23,Average,11:57,0.0,50.0,24.0,50.0,24.0
New York Times,2023-08-22,Very Hard,10:53,-17.0,29.0,13.0,71.0,46.0
New York Times,2023-08-21,Hard,6:29,-4.0,43.0,16.0,57.0,27.0
New York Times,2023-08-20,Average,34:47,5.0,58.0,28.0,42.0,17.0
New York Times,2023-08-19,Average,22:07,16.0,69.0,45.0,31.0,15.0
New York Times,2023-08-18,Average,18:52,5.0,56.0,30.0,44.0,23.0
New York Times,2023-08-17,Average,19:43,8.0,62.0,33.0,38.0,20.0
New York Times,2023-08-16,Very Hard,16:18,-41.0,14.0,6.0,86.0,69.0
New York Times,2023-08-15,Easy,7:18,21.0,80.0,51.0,20.0,9.0
New York Times,2023-08-14,Hard,6:38,-6.0,38.0,14.0,62.0,31.0
New York Times,2023-08-13,Average,34:30,5.0,58.0,29.0,42.0,19.0
New York Times,2023-08-12,Easy,19:11,29.0,82.0,62.0,18.0,9.0
New York Times,2023-08-11,Easy,16:45,21.0,77.0,52.0,23.0,9.0
New York Times,2023-08-10,Hard,24:49,-12.0,35.0,15.0,65.0,41.0
New York Times,2023-08-09,Average,10:03,12.0,71.0,37.0,29.0,11.0
New York Times,2023-08-08,Average,8:16,11.0,67.0,34.0,33.0,14.0
New York Times,2023-08-07,Easy,5:06,20.0,84.0,50.0,16.0,6.0
New York Times,2023-08-06,Average,34:49,8.0,62.0,32.0,38.0,17.0
New York Times,2023-08-05,Average,23:01,17.0,71.0,46.0,29.0,14.0
New York Times,2023-08-04,Very Hard,24:58,-24.0,25.0,10.0,75.0,53.0
New York Times,2023-08-03,Very Hard,24:31,-18.0,31.0,13.0,69.0,48.0
New York Times,2023-08-02,Average,10:19,7.0,62.0,29.0,38.0,18.0
New York Times,2023-08-01,Hard,9:31,-1.0,49.0,21.0,51.0,26.0
New York Times,2023-07-31,Easy,4:49,23.0,88.0,58.0,12.0,5.0
New York Times,2023-07-30,Average,32:17,14.0,67.0,40.0,33.0,17.0
New York Times,2023-07-29,Very Hard,34:03,-28.0,23.0,9.0,77.0,57.0
New York Times,2023-07-28,Hard,19:46,-0.0,49.0,23.0,51.0,28.0
New York Times,2023-07-27,Very Easy,12:07,46.0,95.0,87.0,5.0,2.0
New York Times,2023-07-26,Easy,8:32,25.0,86.0,60.0,14.0,6.0
New York Times,2023-07-25,Average,7:55,12.0,72.0,37.0,28.0,10.0
New York Times,2023-07-24,Average,6:04,3.0,57.0,22.0,43.0,17.0
New York Times,2023-07-23,Average,34:24,4.0,57.0,26.0,43.0,18.0
New York Times,2023-07-22,Very Hard,32:51,-27.0,24.0,10.0,76.0,56.0
New York Times,2023-07-21,Average,17:00,12.0,67.0,39.0,33.0,17.0
New York Times,2023-07-20,Very Hard,26:43,-18.0,29.0,12.0,71.0,48.0
New York Times,2023-07-19,Average,10:34,9.0,62.0,35.0,38.0,17.0
New York Times,2023-07-18,Average,7:50,13.0,69.0,38.0,31.0,12.0
New York Times,2023-07-17,Average,5:56,5.0,60.0,26.0,40.0,14.0
New York Times,2023-07-16,Average,34:58,6.0,59.0,30.0,41.0,19.0
New York Times,2023-07-15,Hard,26:25,-9.0,40.0,20.0,60.0,38.0
New York Times,2023-07-14,Hard,20:15,-1.0,48.0,25.0,52.0,27.0
New York Times,2023-07-13,Average,21:09,5.0,57.0,31.0,43.0,22.0
New York Times,2023-07-12,Easy,9:34,21.0,80.0,52.0,20.0,8.0
New York Times,2023-07-11,Very Hard,10:26,-17.0,27.0,12.0,73.0,46.0
New York Times,2023-07-10,Average,6:20,0.0,51.0,19.0,49.0,21.0
New York Times,2023-07-09,Easy,28:03,26.0,86.0,61.0,14.0,7.0
New York Times,2023-07-08,Very Easy,16:19,36.0,88.0,71.0,12.0,5.0
New York Times,2023-07-07,Average,20:21,4.0,54.0,30.0,46.0,25.0
New York Times,2023-07-06,Very Easy,14:24,37.0,90.0,73.0,10.0,5.0
New York Times,2023-07-05,Average,10:31,18.0,74.0,46.0,26.0,13.0
New York Times,2023-07-04,Easy,7:16,21.0,81.0,53.0,19.0,8.0
New York Times,2023-07-03,Average,5:27,16.0,77.0,42.0,23.0,8.0
New York Times,2023-07-02,Average,32:45,16.0,73.0,43.0,27.0,12.0
New York Times,2023-07-01,Very Easy,14:58,48.0,94.0,84.0,6.0,3.0
New York Times,2023-06-30,Hard,20:20,-1.0,49.0,26.0,51.0,29.0
New York Times,2023-06-29,Average,20:56,5.0,57.0,30.0,43.0,23.0
New York Times,2023-06-28,Hard,14:06,-12.0,34.0,14.0,66.0,42.0
New York Times,2023-06-27,Average,8:43,4.0,57.0,26.0,43.0,21.0
New York Times,2023-06-26,Average,5:50,10.0,69.0,29.0,31.0,11.0
New York Times,2023-06-25,Very Hard,48:22,-30.0,16.0,7.0,84.0,63.0
New York Times,2023-06-24,Average,25:58,5.0,56.0,32.0,44.0,25.0
New York Times,2023-06-23,Easy,16:44,20.0,73.0,49.0,27.0,14.0
New York Times,2023-06-22,Average,20:02,11.0,64.0,36.0,36.0,17.0
New York Times,2023-06-21,Easy,10:16,20.0,78.0,51.0,22.0,10.0
New York Times,2023-06-20,Average,7:52,15.0,73.0,41.0,27.0,13.0
New York Times,2023-06-19,Average,6:05,5.0,60.0,24.0,40.0,17.0
New York Times,2023-06-18,Hard,36:23,-1.0,49.0,22.0,51.0,26.0
New York Times,2023-06-17,Hard,31:32,-11.0,38.0,18.0,62.0,39.0
New York Times,2023-06-16,Average,17:57,15.0,68.0,44.0,32.0,17.0
New York Times,2023-06-15,Easy,16:50,29.0,84.0,64.0,16.0,7.0
New York Times,2023-06-14,Average,10:53,16.0,73.0,44.0,27.0,13.0
New York Times,2023-06-13,Very Hard,10:56,-22.0,25.0,12.0,75.0,53.0
New York Times,2023-06-12,Average,6:16,2.0,54.0,20.0,46.0,20.0
New York Times,2023-06-11,Average,33:52,11.0,66.0,36.0,34.0,18.0
New York Times,2023-06-10,Average,26:03,4.0,55.0,32.0,45.0,24.0
New York Times,2023-06-09,Very Easy,14:48,34.0,86.0,69.0,14.0,7.0
New York Times,2023-06-08,Average,21:22,8.0,59.0,33.0,41.0,24.0
New York Times,2023-06-07,Easy,9:37,28.0,88.0,64.0,12.0,5.0
New York Times,2023-06-06,Average,7:58,8.0,61.0,31.0,39.0,21.0
New York Times,2023-06-05,Average,6:05,4.0,57.0,22.0,43.0,16.0
New York Times,2023-06-04,Easy,28:24,26.0,85.0,61.0,15.0,7.0
New York Times,2023-06-03,Easy,20:55,26.0,80.0,57.0,20.0,9.0
New York Times,2023-06-02,Very Easy,15:51,32.0,84.0,66.0,16.0,7.0
New York Times,2023-06-01,Hard,24:39,-7.0,42.0,20.0,58.0,36.0
New York Times,2023-05-31,Very Easy,8:24,38.0,91.0,79.0,9.0,5.0
New York Times,2023-05-30,Average,8:24,3.0,55.0,24.0,45.0,23.0
New York Times,2023-05-29,Average,5:50,8.0,65.0,28.0,35.0,15.0
New York Times,2023-05-28,Very Hard,44:42,-18.0,26.0,10.0,74.0,47.0
New York Times,2023-05-27,Very Hard,34:30,-25.0,26.0,11.0,74.0,55.0
New York Times,2023-05-26,Easy,19:07,19.0,72.0,49.0,28.0,13.0
New York Times,2023-05-25,Very Easy,15:39,32.0,85.0,67.0,15.0,6.0
New York Times,2023-05-24,Very Easy,8:55,35.0,92.0,75.0,8.0,4.0
New York Times,2023-05-23,Average,7:56,12.0,71.0,38.0,29.0,13.0
New York Times,2023-05-22,Average,6:01,8.0,63.0,29.0,37.0,14.0
New York Times,2023-05-21,Average,31:33,13.0,69.0,39.0,31.0,12.0
New York Times,2023-05-20,Easy,21:54,22.0,76.0,53.0,24.0,12.0
New York Times,2023-05-19,Easy,17:57,23.0,75.0,53.0,25.0,13.0
New York Times,2023-05-18,Hard,23:35,-7.0,42.0,19.0,58.0,34.0
New York Times,2023-05-17,Hard,15:33,-13.0,35.0,14.0,65.0,43.0
New York Times,2023-05-16,Average,7:33,15.0,75.0,42.0,25.0,9.0
New York Times,2023-05-15,Average,6:10,6.0,62.0,28.0,38.0,15.0
New York Times,2023-05-14,Average,33:08,9.0,64.0,33.0,36.0,16.0
New York Times,2023-05-13,Very Easy,14:59,49.0,95.0,86.0,5.0,3.0
New York Times,2023-05-12,Very Easy,14:39,42.0,92.0,80.0,8.0,4.0
New York Times,2023-05-11,Average,20:15,12.0,64.0,36.0,36.0,18.0
New York Times,2023-05-10,Easy,10:15,24.0,83.0,58.0,17.0,8.0
New York Times,2023-05-09,Easy,6:37,28.0,88.0,64.0,12.0,5.0
New York Times,2023-05-08,Average,5:58,10.0,69.0,31.0,31.0,12.0
New York Times,2023-05-07,Easy,27:45,23.0,82.0,56.0,18.0,8.0
New York Times,2023-05-06,Very Easy,19:33,35.0,88.0,69.0,12.0,6.0
New York Times,2023-05-05,Very Hard,28:51,-22.0,29.0,12.0,71.0,51.0
New York Times,2023-05-04,Very Hard,29:10,-37.0,18.0,8.0,82.0,65.0
New York Times,2023-05-03,Very Hard,15:14,-16.0,30.0,12.0,70.0,45.0
New York Times,2023-05-02,Hard,9:51,-4.0,44.0,19.0,56.0,31.0
New York Times,2023-05-01,Average,6:17,5.0,60.0,25.0,40.0,15.0
New York Times,2023-04-30,Very Hard,40:51,-16.0,30.0,13.0,70.0,44.0
New York Times,2023-04-29,Average,24:35,18.0,74.0,47.0,26.0,12.0
New York Times,2023-04-28,Hard,24:21,-8.0,41.0,21.0,59.0,39.0
New York Times,2023-04-27,Average,18:16,16.0,72.0,44.0,28.0,14.0
New York Times,2023-04-26,Hard,14:41,-14.0,33.0,13.0,67.0,42.0
New York Times,2023-04-25,Hard,10:06,-10.0,35.0,14.0,65.0,37.0
New York Times,2023-04-24,Average,5:42,15.0,76.0,40.0,24.0,10.0
New York Times,2023-04-23,Hard,39:11,-9.0,38.0,16.0,62.0,35.0
New York Times,2023-04-22,Hard,33:45,-9.0,37.0,17.0,63.0,39.0
New York Times,2023-04-21,Easy,16:58,28.0,83.0,63.0,17.0,7.0
New York Times,2023-04-20,Very Hard,24:16,-14.0,33.0,14.0,67.0,43.0
New York Times,2023-04-19,Very Hard,14:36,-17.0,29.0,14.0,71.0,45.0
New York Times,2023-04-18,Average,8:38,6.0,59.0,28.0,41.0,20.0
New York Times,2023-04-17,Average,6:18,6.0,60.0,27.0,40.0,16.0
New York Times,2023-04-16,Average,33:01,9.0,64.0,32.0,36.0,16.0
New York Times,2023-04-15,Hard,30:27,-5.0,44.0,21.0,56.0,33.0
New York Times,2023-04-14,Average,19:24,17.0,71.0,46.0,29.0,16.0
New York Times,2023-04-13,Average,19:03,7.0,60.0,32.0,40.0,21.0
New York Times,2023-04-12,Hard,13:19,-6.0,42.0,21.0,58.0,34.0
New York Times,2023-04-11,Average,8:37,6.0,61.0,29.0,39.0,20.0
New York Times,2023-04-10,Average,6:01,13.0,71.0,36.0,29.0,12.0
New York Times,2023-04-09,Average,30:34,16.0,74.0,45.0,26.0,13.0
New York Times,2023-04-08,Very Hard,36:23,-22.0,27.0,11.0,73.0,53.0
New York Times,2023-04-07,Average,20:53,13.0,65.0,40.0,35.0,18.0
New York Times,2023-04-06,Hard,23:20,-7.0,42.0,20.0,58.0,36.0
New York Times,2023-04-05,Hard,13:11,-9.0,39.0,17.0,61.0,36.0
New York Times,2023-04-04,Very Easy,6:06,34.0,93.0,78.0,7.0,3.0
New York Times,2023-04-03,Average,6:11,10.0,68.0,33.0,32.0,12.0
New York Times,2023-04-02,Very Hard,47:57,-34.0,14.0,7.0,86.0,67.0
New York Times,2023-04-01,Average,26:00,5.0,57.0,30.0,43.0,23.0
New York Times,2023-03-31,Very Hard,38:53,-73.0,9.0,4.0,91.0,82.0
New York Times,2023-03-30,Average,20:11,6.0,56.0,31.0,44.0,23.0
New York Times,2023-03-29,Average,11:58,1.0,51.0,24.0,49.0,23.0
New York Times,2023-03-28,Easy,7:16,23.0,85.0,55.0,15.0,6.0
New York Times,2023-03-27,Easy,5:10,26.0,90.0,62.0,10.0,4.0
New York Times,2023-03-26,Average,29:35,18.0,78.0,47.0,22.0,8.0
New York Times,2023-03-25,Average,24:23,10.0,63.0,37.0,37.0,18.0
New York Times,2023-03-24,Easy,16:01,29.0,84.0,62.0,16.0,7.0
New York Times,2023-03-23,Average,20:31,2.0,52.0,27.0,48.0,23.0
New York Times,2023-03-22,Hard,12:26,-0.0,50.0,25.0,50.0,29.0
New York Times,2023-03-21,Average,8:29,8.0,61.0,30.0,39.0,15.0
New York Times,2023-03-20,Average,6:09,13.0,73.0,39.0,27.0,10.0
New York Times,2023-03-19,Very Hard,44:42,-25.0,22.0,9.0,78.0,55.0
New York Times,2023-03-18,Average,25:34,3.0,54.0,28.0,46.0,25.0
New York Times,2023-03-17,Hard,24:08,-9.0,41.0,20.0,59.0,38.0
New York Times,2023-03-16,Easy,15:46,27.0,82.0,61.0,18.0,9.0
New York Times,2023-03-15,Average,9:57,18.0,75.0,47.0,25.0,10.0
New York Times,2023-03-14,Very Hard,10:56,-20.0,26.0,11.0,74.0,50.0
New York Times,2023-03-13,Average,6:41,4.0,56.0,25.0,44.0,19.0
New York Times,2023-03-12,Easy,25:36,27.0,86.0,64.0,14.0,7.0
New York Times,2023-03-11,Very Hard,32:09,-22.0,27.0,11.0,73.0,52.0
New York Times,2023-03-10,Average,19:53,11.0,65.0,39.0,35.0,17.0
New York Times,2023-03-09,Average,19:34,11.0,65.0,38.0,35.0,18.0
New York Times,2023-03-08,Easy,9:22,23.0,82.0,56.0,18.0,9.0
New York Times,2023-03-07,Average,8:33,3.0,55.0,26.0,45.0,22.0
New York Times,2023-03-06,Hard,7:25,-5.0,43.0,19.0,57.0,28.0
New York Times,2023-03-05,Very Easy,22:28,40.0,93.0,83.0,7.0,3.0
New York Times,2023-03-04,Very Hard,29:35,-19.0,31.0,13.0,69.0,49.0
New York Times,2023-03-03,Hard,23:47,-12.0,36.0,17.0,64.0,42.0
New York Times,2023-03-02,Average,19:52,8.0,60.0,34.0,40.0,21.0
New York Times,2023-03-01,Average,11:43,7.0,60.0,32.0,40.0,19.0
New York Times,2023-02-28,Average,8:36,3.0,56.0,25.0,44.0,22.0
New York Times,2023-02-27,Easy,5:39,22.0,85.0,54.0,15.0,6.0
New York Times,2023-02-26,Average,36:21,0.0,51.0,23.0,49.0,22.0
New York Times,2023-02-25,Hard,25:40,-7.0,41.0,20.0,59.0,37.0
New York Times,2023-02-24,Average,19:28,14.0,66.0,41.0,34.0,19.0
New York Times,2023-02-23,Average,17:52,18.0,73.0,46.0,27.0,13.0
New York Times,2023-02-22,Average,10:26,19.0,74.0,47.0,26.0,12.0
New York Times,2023-02-21,Very Hard,10:51,-21.0,23.0,10.0,77.0,52.0
New York Times,2023-02-20,Average,6:43,5.0,59.0,26.0,41.0,19.0
New York Times,2023-02-19,Easy,26:43,30.0,87.0,67.0,13.0,6.0
New York Times,2023-02-18,Very Hard,35:23,-51.0,14.0,6.0,86.0,72.0
New York Times,2023-02-17,Average,20:20,9.0,60.0,35.0,40.0,21.0
New York Times,2023-02-16,Hard,23:14,-11.0,37.0,18.0,63.0,40.0
New York Times,2023-02-15,Average,10:47,15.0,73.0,42.0,27.0,13.0
New York Times,2023-02-14,Easy,7:20,20.0,80.0,50.0,20.0,9.0
New York Times,2023-02-13,Average,6:12,14.0,73.0,38.0,27.0,12.0
New York Times,2023-02-12,Very Hard,44:26,-18.0,26.0,10.0,74.0,46.0
New York Times,2023-02-11,Hard,25:33,-11.0,39.0,19.0,61.0,41.0
New York Times,2023-02-10,Average,19:31,14.0,67.0,41.0,33.0,18.0
New York Times,2023-02-09,Average,18:13,13.0,69.0,39.0,31.0,17.0
New York Times,2023-02-08,Easy,9:55,20.0,78.0,50.0,22.0,10.0
New York Times,2023-02-07,Easy,7:26,20.0,84.0,51.0,16.0,6.0
New York Times,2023-02-06,Average,6:13,16.0,76.0,42.0,24.0,9.0
New York Times,2023-02-05,Hard,38:42,-3.0,45.0,21.0,55.0,26.0
New York Times,2023-02-04,Average,20:42,7.0,57.0,34.0,43.0,22.0
New York Times,2023-02-03,Average,17:53,19.0,74.0,48.0,26.0,13.0
New York Times,2023-02-02,Easy,17:05,20.0,75.0,50.0,25.0,13.0
New York Times,2023-02-01,Hard,14:10,-11.0,35.0,14.0,65.0,38.0
New York Times,2023-01-31,Average,7:56,18.0,78.0,46.0,22.0,8.0
New York Times,2023-01-30,Very Hard,8:50,-21.0,26.0,13.0,74.0,51.0
New York Times,2023-01-29,Hard,37:18,-1.0,48.0,20.0,52.0,24.0
New York Times,2023-01-28,Hard,24:38,-12.0,35.0,17.0,65.0,41.0
New York Times,2023-01-27,Average,20:54,4.0,55.0,29.0,45.0,25.0
New York Times,2023-01-26,Very Hard,26:38,-33.0,20.0,10.0,80.0,62.0
New York Times,2023-01-25,Average,11:48,5.0,57.0,26.0,43.0,20.0
New York Times,2023-01-24,Average,8:49,8.0,62.0,32.0,38.0,15.0
New York Times,2023-01-23,Average,5:49,19.0,78.0,47.0,22.0,9.0
New York Times,2023-01-22,Average,33:33,10.0,68.0,36.0,32.0,13.0
New York Times,2023-01-21,Average,17:41,17.0,70.0,46.0,30.0,16.0
New York Times,2023-01-20,Easy,17:49,20.0,76.0,51.0,24.0,14.0
New York Times,2023-01-19,Hard,20:29,-5.0,44.0,22.0,56.0,33.0
New York Times,2023-01-18,Average,10:22,16.0,74.0,44.0,26.0,10.0
New York Times,2023-01-17,Easy,7:44,22.0,83.0,54.0,17.0,7.0
New York Times,2023-01-16,Average,6:54,5.0,59.0,26.0,41.0,21.0
New York Times,2023-01-15,Average,35:15,8.0,64.0,31.0,36.0,18.0
New York Times,2023-01-14,Very Easy,14:11,37.0,89.0,74.0,11.0,6.0
New York Times,2023-01-13,Hard,24:20,-8.0,41.0,19.0,59.0,37.0
New York Times,2023-01-12,Easy,15:21,24.0,80.0,57.0,20.0,9.0
New York Times,2023-01-11,Hard,14:11,-12.0,34.0,13.0,66.0,40.0
New York Times,2023-01-10,Very Easy,6:45,33.0,89.0,73.0,11.0,6.0
New York Times,2023-01-09,Average,6:23,13.0,71.0,36.0,29.0,12.0
New York Times,2023-01-08,Hard,39:50,-8.0,40.0,17.0,60.0,34.0
New York Times,2023-01-07,Average,19:33,14.0,69.0,43.0,31.0,15.0
New York Times,2023-01-06,Average,19:45,8.0,59.0,33.0,41.0,21.0
New York Times,2023-01-05,Very Hard,26:07,-32.0,21.0,10.0,79.0,62.0
New York Times,2023-01-04,Average,10:48,13.0,69.0,39.0,31.0,14.0
New York Times,2023-01-03,Very Easy,7:06,31.0,88.0,68.0,12.0,6.0
New York Times,2023-01-02,Easy,5:27,25.0,86.0,61.0,14.0,6.0
New York Times,2023-01-01,Very Easy,25:06,33.0,89.0,69.0,11.0,6.0
New York Times,2022-12-31,Average,21:22,9.0,61.0,36.0,39.0,22.0
New York Times,2022-12-30,Hard,23:58,-14.0,34.0,15.0,66.0,44.0
New York Times,2022-12-29,Average,17:03,9.0,62.0,35.0,38.0,18.0
New York Times,2022-12-28,Average,11:38,11.0,63.0,36.0,37.0,18.0
New York Times,2022-12-27,Easy,8:27,19.0,76.0,48.0,24.0,12.0
New York Times,2022-12-26,Average,7:18,0.0,51.0,25.0,49.0,24.0
New York Times,2022-12-25,Average,36:19,4.0,56.0,26.0,44.0,21.0
New York Times,2022-12-24,Average,23:40,0.0,50.0,26.0,50.0,31.0
New York Times,2022-12-23,Easy,16:00,23.0,79.0,54.0,21.0,10.0
New York Times,2022-12-22,Easy,15:50,22.0,77.0,52.0,23.0,11.0
New York Times,2022-12-21,Average,12:40,3.0,55.0,27.0,45.0,22.0
New York Times,2022-12-20,Hard,10:27,-1.0,49.0,25.0,51.0,26.0
New York Times,2022-12-19,Hard,7:45,-8.0,37.0,18.0,63.0,33.0
New York Times,2022-12-18,Average,36:39,2.0,52.0,25.0,48.0,24.0
New York Times,2022-12-17,Hard,24:16,-1.0,49.0,26.0,51.0,32.0
New York Times,2022-12-16,Very Hard,29:53,-44.0,17.0,7.0,83.0,66.0
New York Times,2022-12-15,Hard,21:09,-1.0,49.0,23.0,51.0,30.0
New York Times,2022-12-14,Hard,13:04,-0.0,50.0,23.0,50.0,25.0
New York Times,2022-12-13,Average,9:01,15.0,72.0,43.0,28.0,13.0
New York Times,2022-12-12,Average,6:03,14.0,76.0,40.0,24.0,9.0
New York Times,2022-12-11,Hard,36:15,-2.0,47.0,21.0,53.0,27.0
New York Times,2022-12-10,Average,22:31,5.0,56.0,30.0,44.0,24.0
New York Times,2022-12-09,Hard,21:43,-6.0,43.0,20.0,57.0,35.0
New York Times,2022-12-08,Very Easy,13:59,32.0,86.0,67.0,14.0,7.0
New York Times,2022-12-07,Average,10:59,18.0,75.0,47.0,25.0,13.0
New York Times,2022-12-06,Very Hard,11:51,-15.0,30.0,14.0,70.0,45.0
New York Times,2022-12-05,Average,6:28,7.0,63.0,28.0,37.0,17.0
New York Times,2022-12-04,Easy,30:11,20.0,77.0,49.0,23.0,10.0
New York Times,2022-12-03,Easy,19:37,19.0,73.0,49.0,27.0,13.0
New York Times,2022-12-02,Average,18:34,10.0,62.0,36.0,38.0,22.0
New York Times,2022-12-01,Hard,21:15,-2.0,47.0,25.0,53.0,34.0
New York Times,2022-11-30,Very Easy,7:15,47.0,96.0,91.0,4.0,2.0
New York Times,2022-11-29,Average,8:55,11.0,66.0,36.0,34.0,15.0
New York Times,2022-11-28,Hard,7:51,-11.0,32.0,13.0,68.0,39.0
New York Times,2022-11-27,Very Hard,42:36,-16.0,30.0,13.0,70.0,45.0
New York Times,2022-11-26,Very Easy,18:06,31.0,82.0,63.0,18.0,9.0
New York Times,2022-11-25,Very Easy,14:29,32.0,86.0,67.0,14.0,5.0
New York Times,2022-11-24,Easy,17:24,19.0,71.0,48.0,29.0,16.0
New York Times,2022-11-23,Average,11:56,13.0,66.0,41.0,34.0,18.0
New York Times,2022-11-22,Very Hard,11:41,-20.0,28.0,13.0,72.0,49.0
New York Times,2022-11-21,Hard,6:59,-3.0,45.0,19.0,55.0,26.0
New York Times,2022-11-20,Easy,29:21,21.0,79.0,52.0,21.0,10.0
New York Times,2022-11-19,Easy,19:16,29.0,80.0,62.0,20.0,10.0
New York Times,2022-11-18,Easy,15:37,25.0,83.0,59.0,17.0,8.0
New York Times,2022-11-17,Average,17:31,18.0,73.0,47.0,27.0,14.0
New York Times,2022-11-16,Easy,11:13,19.0,75.0,49.0,25.0,11.0
New York Times,2022-11-15,Easy,7:28,26.0,85.0,60.0,15.0,7.0
New York Times,2022-11-14,Average,5:45,14.0,74.0,40.0,26.0,10.0
New York Times,2022-11-13,Hard,38:30,-2.0,46.0,20.0,54.0,29.0
New York Times,2022-11-12,Very Easy,12:27,56.0,97.0,92.0,3.0,2.0
New York Times,2022-11-11,Hard,22:40,-7.0,41.0,21.0,59.0,38.0
New York Times,2022-11-10,Very Easy,10:50,53.0,98.0,92.0,2.0,1.0
New York Times,2022-11-09,Very Easy,9:08,37.0,92.0,78.0,8.0,4.0
New York Times,2022-11-08,Average,9:54,1.0,52.0,25.0,48.0,24.0
New York Times,2022-11-07,Very Hard,7:58,-19.0,25.0,13.0,75.0,48.0
New York Times,2022-11-06,Hard,38:56,-7.0,39.0,17.0,61.0,32.0
New York Times,2022-11-05,Average,22:37,18.0,72.0,47.0,28.0,13.0
New York Times,2022-11-04,Average,18:19,11.0,63.0,38.0,37.0,21.0
New York Times,2022-11-03,Average,19:59,6.0,59.0,33.0,41.0,24.0
New York Times,2022-11-02,Average,13:50,2.0,53.0,28.0,47.0,23.0
New York Times,2022-11-01,Average,9:48,3.0,54.0,28.0,46.0,22.0
New York Times,2022-10-31,Average,5:47,15.0,75.0,41.0,25.0,12.0
New York Times,2022-10-30,Easy,26:31,25.0,84.0,59.0,16.0,8.0
New York Times,2022-10-29,Easy,21:11,26.0,77.0,58.0,23.0,11.0
New York Times,2022-10-28,Average,19:24,5.0,57.0,31.0,43.0,23.0
New York Times,2022-10-27,Average,18:07,16.0,70.0,45.0,30.0,15.0
New York Times,2022-10-26,Hard,14:37,-6.0,41.0,21.0,59.0,33.0
New York Times,2022-10-25,Average,8:32,14.0,73.0,42.0,27.0,11.0
New York Times,2022-10-24,Hard,6:56,-1.0,48.0,20.0,52.0,31.0
New York Times,2022-10-23,Hard,37:38,-5.0,44.0,23.0,56.0,32.0
New York Times,2022-10-22,Hard,29:35,-4.0,45.0,25.0,55.0,33.0
New York Times,2022-10-21,Easy,15:19,24.0,79.0,56.0,21.0,9.0
New York Times,2022-10-20,Very Easy,13:54,38.0,91.0,77.0,9.0,4.0
New York Times,2022-10-19,Hard,15:03,-7.0,41.0,19.0,59.0,36.0
New York Times,2022-10-18,Average,10:26,1.0,51.0,23.0,49.0,27.0
New York Times,2022-10-17,Average,6:15,5.0,60.0,25.0,40.0,19.0
New York Times,2022-10-16,Hard,40:17,-12.0,34.0,15.0,66.0,38.0
New York Times,2022-10-15,Easy,23:36,19.0,72.0,49.0,28.0,13.0
New York Times,2022-10-14,Average,17:03,19.0,73.0,48.0,27.0,12.0
New York Times,2022-10-13,Very Hard,27:21,-25.0,23.0,9.0,77.0,54.0
New York Times,2022-10-12,Average,11:16,17.0,72.0,45.0,28.0,12.0
New York Times,2022-10-11,Average,9:01,14.0,69.0,41.0,31.0,15.0
New York Times,2022-10-10,Average,6:09,6.0,62.0,27.0,38.0,16.0
New York Times,2022-10-09,Easy,25:59,27.0,86.0,63.0,14.0,7.0
New York Times,2022-10-08,Hard,29:42,-4.0,45.0,22.0,55.0,33.0
New York Times,2022-10-07,Very Hard,27:52,-35.0,22.0,9.0,78.0,62.0
New York Times,2022-10-06,Very Hard,30:56,-41.0,16.0,6.0,84.0,68.0
New York Times,2022-10-05,Hard,13:38,-0.0,50.0,26.0,50.0,25.0
New York Times,2022-10-04,Average,10:07,3.0,55.0,26.0,45.0,23.0
New York Times,2022-10-03,Average,6:32,2.0,53.0,25.0,47.0,22.0
New York Times,2022-10-02,Easy,28:54,20.0,78.0,51.0,22.0,9.0
New York Times,2022-10-01,Easy,22:59,23.0,76.0,54.0,24.0,11.0
New York Times,2022-09-30,Easy,16:03,24.0,77.0,55.0,23.0,11.0
New York Times,2022-09-29,Average,20:01,2.0,53.0,27.0,47.0,26.0
New York Times,2022-09-28,Very Hard,16:17,-16.0,32.0,15.0,68.0,46.0
New York Times,2022-09-27,Average,8:51,16.0,71.0,42.0,29.0,14.0
New York Times,2022-09-26,Easy,5:17,22.0,86.0,54.0,14.0,5.0
New York Times,2022-09-25,Very Hard,45:23,-16.0,31.0,13.0,69.0,47.0
New York Times,2022-09-24,Easy,24:00,21.0,75.0,52.0,25.0,12.0
New York Times,2022-09-23,Hard,20:31,-0.0,50.0,30.0,50.0,29.0
New York Times,2022-09-22,Very Easy,13:04,38.0,92.0,77.0,8.0,3.0
New York Times,2022-09-21,Very Easy,8:37,38.0,92.0,78.0,8.0,5.0
New York Times,2022-09-20,Easy,8:06,23.0,83.0,55.0,17.0,7.0
New York Times,2022-09-19,Average,5:58,11.0,70.0,35.0,30.0,12.0
New York Times,2022-09-18,Very Easy,25:02,35.0,88.0,74.0,12.0,7.0
New York Times,2022-09-17,Average,31:41,2.0,52.0,32.0,48.0,28.0
New York Times,2022-09-16,Average,18:23,15.0,67.0,44.0,33.0,18.0
New York Times,2022-09-15,Very Hard,27:56,-34.0,20.0,8.0,80.0,62.0
New York Times,2022-09-14,Hard,15:50,-13.0,34.0,16.0,66.0,41.0
New York Times,2022-09-13,Easy,7:49,25.0,83.0,60.0,17.0,8.0
New York Times,2022-09-12,Average,6:11,9.0,64.0,33.0,36.0,16.0
New York Times,2022-09-11,Hard,39:23,-4.0,45.0,19.0,55.0,28.0
New York Times,2022-09-10,Hard,34:30,-11.0,37.0,17.0,63.0,40.0
New York Times,2022-09-09,Easy,17:10,24.0,77.0,56.0,23.0,13.0
New York Times,2022-09-08,Average,19:46,5.0,56.0,29.0,44.0,22.0
New York Times,2022-09-07,Average,12:28,11.0,65.0,38.0,35.0,16.0
New York Times,2022-09-06,Average,10:03,4.0,57.0,27.0,43.0,22.0
New York Times,2022-09-05,Hard,7:06,-2.0,48.0,20.0,52.0,25.0
New York Times,2022-09-04,Easy,31:26,20.0,78.0,50.0,22.0,11.0
New York Times,2022-09-03,Very Easy,15:11,51.0,95.0,85.0,5.0,3.0
New York Times,2022-09-02,Easy,16:50,26.0,81.0,58.0,19.0,9.0
New York Times,2022-09-01,Hard,21:09,-2.0,47.0,21.0,53.0,31.0
New York Times,2022-08-31,Easy,10:59,20.0,76.0,51.0,24.0,11.0
New York Times,2022-08-30,Hard,11:14,-6.0,42.0,17.0,58.0,35.0
New York Times,2022-08-29,Average,6:29,2.0,54.0,23.0,46.0,19.0
New York Times,2022-08-28,Easy,28:21,26.0,86.0,61.0,14.0,6.0
New York Times,2022-08-27,Very Easy,21:33,32.0,84.0,66.0,16.0,7.0
New York Times,2022-08-26,Very Easy,13:50,40.0,91.0,78.0,9.0,4.0
New York Times,2022-08-25,Very Easy,13:03,36.0,91.0,75.0,9.0,4.0
New York Times,2022-08-24,Hard,14:05,-2.0,47.0,23.0,53.0,30.0
New York Times,2022-08-23,Hard,10:51,-6.0,41.0,20.0,59.0,34.0
New York Times,2022-08-22,Hard,7:13,-7.0,39.0,18.0,61.0,33.0
New York Times,2022-08-21,Average,34:26,10.0,64.0,39.0,36.0,15.0
New York Times,2022-08-20,Average,30:18,2.0,53.0,28.0,47.0,27.0
New York Times,2022-08-19,Hard,24:24,-9.0,39.0,19.0,61.0,38.0
New York Times,2022-08-18,Very Hard,24:50,-18.0,28.0,12.0,72.0,48.0
New York Times,2022-08-17,Very Easy,9:51,34.0,86.0,71.0,14.0,9.0
New York Times,2022-08-16,Average,9:32,9.0,63.0,31.0,37.0,18.0
New York Times,2022-08-15,Average,5:51,14.0,72.0,38.0,28.0,10.0
New York Times,2022-08-14,Hard,37:38,-2.0,47.0,20.0,53.0,26.0
New York Times,2022-08-13,Average,27:49,10.0,61.0,37.0,39.0,21.0
New York Times,2022-08-12,Very Easy,14:14,39.0,91.0,77.0,9.0,5.0
New York Times,2022-08-11,Average,17:31,12.0,67.0,40.0,33.0,14.0
New York Times,2022-08-10,Very Easy,9:42,37.0,91.0,76.0,9.0,4.0
New York Times,2022-08-09,Very Hard,12:13,-24.0,24.0,11.0,76.0,54.0
New York Times,2022-08-08,Average,5:47,15.0,74.0,40.0,26.0,11.0
New York Times,2022-08-07,Average,32:34,14.0,71.0,40.0,29.0,15.0
New York Times,2022-08-06,Very Hard,40:26,-32.0,21.0,8.0,79.0,60.0
New York Times,2022-08-05,Very Hard,28:06,-23.0,29.0,14.0,71.0,53.0
New York Times,2022-08-04,Average,19:58,1.0,52.0,28.0,48.0,28.0
New York Times,2022-08-03,Hard,16:37,-10.0,39.0,20.0,61.0,39.0
New York Times,2022-08-02,Average,9:13,8.0,62.0,32.0,38.0,18.0
New York Times,2022-08-01,Average,5:41,16.0,78.0,44.0,22.0,9.0
New York Times,2022-07-31,Hard,40:06,-8.0,41.0,19.0,59.0,35.0
New York Times,2022-07-30,Hard,28:53,-3.0,47.0,25.0,53.0,32.0
New York Times,2022-07-29,Average,19:53,13.0,66.0,40.0,34.0,17.0
New York Times,2022-07-28,Average,17:11,14.0,68.0,41.0,32.0,17.0
New York Times,2022-07-27,Very Easy,9:30,38.0,87.0,75.0,13.0,7.0
New York Times,2022-07-26,Easy,8:10,20.0,80.0,49.0,20.0,10.0
New York Times,2022-07-25,Average,6:37,1.0,52.0,25.0,48.0,23.0
New York Times,2022-07-24,Average,33:27,12.0,67.0,36.0,33.0,15.0
New York Times,2022-07-23,Average,26:58,3.0,53.0,27.0,47.0,28.0
New York Times,2022-07-22,Average,20:51,7.0,58.0,33.0,42.0,21.0
New York Times,2022-07-21,Average,16:27,16.0,72.0,45.0,28.0,11.0
New York Times,2022-07-20,Very Hard,17:35,-22.0,27.0,13.0,73.0,52.0
New York Times,2022-07-19,Hard,10:23,-2.0,48.0,20.0,52.0,32.0
New York Times,2022-07-18,Hard,7:03,-4.0,44.0,21.0,56.0,25.0
New York Times,2022-07-17,Very Hard,50:34,-36.0,17.0,8.0,83.0,65.0
New York Times,2022-07-16,Very Hard,31:04,-16.0,34.0,17.0,66.0,46.0
New York Times,2022-07-15,Easy,18:18,20.0,74.0,50.0,26.0,12.0
New York Times,2022-07-14,Hard,21:07,-4.0,46.0,20.0,54.0,32.0
New York Times,2022-07-13,Average,12:27,15.0,69.0,44.0,31.0,16.0
New York Times,2022-07-12,Average,9:13,11.0,67.0,35.0,33.0,14.0
New York Times,2022-07-11,Easy,5:09,26.0,90.0,63.0,10.0,5.0
New York Times,2022-07-10,Average,37:28,1.0,52.0,26.0,48.0,24.0
New York Times,2022-07-09,Very Hard,46:25,-74.0,11.0,6.0,89.0,79.0
New York Times,2022-07-08,Hard,26:56,-14.0,32.0,14.0,68.0,44.0
New York Times,2022-07-07,Easy,15:28,22.0,76.0,52.0,24.0,11.0
New York Times,2022-07-06,Hard,15:02,-7.0,41.0,21.0,59.0,35.0
New York Times,2022-07-05,Average,9:02,12.0,69.0,38.0,31.0,14.0
New York Times,2022-07-04,Hard,7:49,-14.0,33.0,15.0,67.0,43.0
New York Times,2022-07-03,Average,35:17,9.0,62.0,36.0,38.0,16.0
New York Times,2022-07-02,Average,21:52,15.0,67.0,44.0,33.0,16.0
New York Times,2022-07-01,Average,22:23,1.0,52.0,28.0,48.0,29.0
New York Times,2022-06-30,Hard,22:56,-13.0,35.0,19.0,65.0,42.0
New York Times,2022-06-29,Average,12:14,12.0,68.0,39.0,32.0,15.0
New York Times,2022-06-28,Average,8:55,13.0,66.0,38.0,34.0,16.0
New York Times,2022-06-27,Average,5:48,17.0,77.0,42.0,23.0,9.0
New York Times,2022-06-26,Average,34:02,14.0,71.0,41.0,29.0,15.0
New York Times,2022-06-25,Very Easy,19:03,31.0,81.0,64.0,19.0,9.0
New York Times,2022-06-24,Average,19:32,15.0,66.0,44.0,34.0,17.0
New York Times,2022-06-23,Average,18:41,7.0,60.0,32.0,40.0,20.0
New York Times,2022-06-22,Very Easy,9:56,32.0,88.0,67.0,12.0,6.0
New York Times,2022-06-21,Average,9:23,6.0,61.0,31.0,39.0,18.0
New York Times,2022-06-20,Average,6:41,2.0,54.0,24.0,46.0,24.0
New York Times,2022-06-19,Easy,31:07,23.0,78.0,55.0,22.0,10.0
New York Times,2022-06-18,Easy,23:02,21.0,73.0,52.0,27.0,14.0
New York Times,2022-06-17,Easy,19:01,20.0,74.0,50.0,26.0,14.0
New York Times,2022-06-16,Average,16:35,17.0,74.0,46.0,26.0,12.0
New York Times,2022-06-15,Average,13:57,4.0,56.0,29.0,44.0,21.0
New York Times,2022-06-14,Easy,7:45,27.0,87.0,64.0,13.0,6.0
New York Times,2022-06-13,Average,5:59,12.0,71.0,37.0,29.0,12.0
New York Times,2022-06-12,Easy,30:45,25.0,82.0,57.0,18.0,9.0
New York Times,2022-06-11,Average,27:06,9.0,62.0,36.0,38.0,20.0
New York Times,2022-06-10,Average,22:44,2.0,53.0,28.0,47.0,26.0
New York Times,2022-06-09,Very Hard,24:04,-19.0,31.0,15.0,69.0,49.0
New York Times,2022-06-08,Very Hard,20:41,-45.0,14.0,8.0,86.0,71.0
New York Times,2022-06-07,Average,9:39,8.0,61.0,30.0,39.0,21.0
New York Times,2022-06-06,Average,6:27,4.0,56.0,24.0,44.0,20.0
New York Times,2022-06-05,Very Easy,29:02,30.0,86.0,65.0,14.0,8.0
New York Times,2022-06-04,Easy,22:02,30.0,82.0,62.0,18.0,8.0
New York Times,2022-06-03,Easy,17:29,28.0,83.0,62.0,17.0,8.0
New York Times,2022-06-02,Average,17:09,14.0,67.0,41.0,33.0,18.0
New York Times,2022-06-01,Hard,15:05,-7.0,42.0,20.0,58.0,36.0
New York Times,2022-05-31,Hard,10:48,-5.0,43.0,20.0,57.0,31.0
New York Times,2022-05-30,Average,5:43,17.0,79.0,46.0,21.0,8.0
New York Times,2022-05-29,Easy,32:57,22.0,78.0,53.0,22.0,11.0
New York Times,2022-05-28,Average,26:22,18.0,69.0,47.0,31.0,15.0
New York Times,2022-05-27,Average,20:14,17.0,69.0,45.0,31.0,16.0
New York Times,2022-05-26,Easy,16:04,21.0,76.0,52.0,24.0,12.0
New York Times,2022-05-25,Average,12:06,12.0,66.0,39.0,34.0,17.0
New York Times,2022-05-24,Average,9:17,9.0,63.0,35.0,37.0,16.0
New York Times,2022-05-23,Hard,6:59,-3.0,45.0,23.0,55.0,26.0
New York Times,2022-05-22,Easy,32:49,24.0,81.0,56.0,19.0,7.0
New York Times,2022-05-21,Very Easy,21:36,33.0,83.0,65.0,17.0,8.0
New York Times,2022-05-20,Average,20:19,16.0,69.0,42.0,31.0,15.0
New York Times,2022-05-19,Average,17:24,16.0,72.0,45.0,28.0,13.0
New York Times,2022-05-18,Average,12:35,10.0,63.0,35.0,37.0,19.0
New York Times,2022-05-17,Very Hard,12:00,-23.0,27.0,14.0,73.0,54.0
New York Times,2022-05-16,Average,5:37,18.0,79.0,46.0,21.0,11.0
New York Times,2022-05-15,Average,39:54,8.0,61.0,34.0,39.0,19.0
New York Times,2022-05-14,Very Easy,15:31,54.0,94.0,87.0,6.0,3.0
New York Times,2022-05-13,Average,22:36,6.0,57.0,35.0,43.0,22.0
New York Times,2022-05-12,Average,17:33,17.0,71.0,45.0,29.0,15.0
New York Times,2022-05-11,Average,12:06,14.0,69.0,40.0,31.0,16.0
New York Times,2022-05-10,Easy,7:07,28.0,86.0,64.0,14.0,8.0
New York Times,2022-05-09,Hard,7:26,-5.0,41.0,20.0,59.0,31.0
New York Times,2022-05-08,Very Easy,25:02,44.0,90.0,81.0,10.0,6.0
New York Times,2022-05-07,Easy,23:41,26.0,79.0,58.0,21.0,11.0
New York Times,2022-05-06,Average,23:30,5.0,56.0,31.0,44.0,23.0
New York Times,2022-05-05,Easy,14:58,28.0,84.0,64.0,16.0,7.0
New York Times,2022-05-04,Easy,10:47,22.0,77.0,54.0,23.0,12.0
New York Times,2022-05-03,Very Hard,12:43,-27.0,24.0,12.0,76.0,56.0
New York Times,2022-05-02,Average,6:19,15.0,72.0,42.0,28.0,13.0
New York Times,2022-05-01,Very Hard,1:03:18,-35.0,14.0,5.0,86.0,66.0
New York Times,2022-04-30,Hard,34:43,-8.0,39.0,18.0,61.0,38.0
New York Times,2022-04-29,Average,22:53,3.0,53.0,29.0,47.0,28.0
New York Times,2022-04-28,Average,18:09,14.0,68.0,42.0,32.0,15.0
New York Times,2022-04-27,Average,12:04,16.0,70.0,44.0,30.0,16.0
New York Times,2022-04-26,Easy,7:37,22.0,82.0,54.0,18.0,9.0
New York Times,2022-04-25,Easy,5:36,24.0,84.0,57.0,16.0,8.0
New York Times,2022-04-24,Very Hard,47:40,-15.0,32.0,16.0,68.0,45.0
New York Times,2022-04-23,Easy,24:09,21.0,74.0,52.0,26.0,12.0
New York Times,2022-04-22,Average,23:36,0.0,50.0,27.0,50.0,28.0
New York Times,2022-04-21,Average,21:05,2.0,53.0,29.0,47.0,27.0
New York Times,2022-04-20,Average,12:45,11.0,67.0,38.0,33.0,17.0
New York Times,2022-04-19,Easy,7:30,23.0,83.0,55.0,17.0,7.0
New York Times,2022-04-18,Average,7:16,2.0,52.0,27.0,48.0,23.0
New York Times,2022-04-17,Average,39:39,4.0,57.0,29.0,43.0,21.0
New York Times,2022-04-16,Hard,35:04,-9.0,41.0,20.0,59.0,36.0
New York Times,2022-04-15,Average,19:34,17.0,68.0,45.0,32.0,16.0
New York Times,2022-04-14,Average,21:18,4.0,55.0,32.0,45.0,28.0
New York Times,2022-04-13,Average,12:40,9.0,62.0,34.0,38.0,19.0
New York Times,2022-04-12,Average,9:09,7.0,61.0,32.0,39.0,18.0
New York Times,2022-04-11,Average,6:26,14.0,69.0,40.0,31.0,14.0
New York Times,2022-04-10,Average,38:22,7.0,59.0,35.0,41.0,19.0
New York Times,2022-04-09,Hard,35:27,-8.0,40.0,18.0,60.0,38.0
New York Times,2022-04-08,Very Hard,29:51,-30.0,22.0,11.0,78.0,59.0
New York Times,2022-04-07,Average,20:31,7.0,57.0,32.0,43.0,24.0
New York Times,2022-04-06,Hard,14:38,-11.0,38.0,16.0,62.0,40.0
New York Times,2022-04-05,Very Hard,13:07,-31.0,20.0,11.0,80.0,62.0
New York Times,2022-04-04,Easy,6:01,20.0,79.0,49.0,21.0,10.0
New York Times,2022-04-03,Average,40:11,2.0,52.0,25.0,48.0,25.0
New York Times,2022-04-02,Very Hard,43:15,-45.0,14.0,6.0,86.0,70.0
New York Times,2022-04-01,Easy,16:30,30.0,82.0,63.0,18.0,8.0
New York Times,2022-03-31,Very Hard,24:12,-14.0,32.0,14.0,68.0,44.0
New York Times,2022-03-30,Average,11:00,17.0,72.0,46.0,28.0,15.0
New York Times,2022-03-29,Easy,7:57,20.0,77.0,51.0,23.0,11.0
New York Times,2022-03-28,Very Easy,5:03,34.0,94.0,74.0,6.0,3.0
New York Times,2022-03-27,Average,37:30,9.0,62.0,33.0,38.0,19.0
New York Times,2022-03-26,Very Hard,34:37,-22.0,29.0,14.0,71.0,52.0
New York Times,2022-03-25,Hard,23:51,-2.0,47.0,25.0,53.0,33.0
New York Times,2022-03-24,Very Easy,14:42,30.0,86.0,66.0,14.0,6.0
New York Times,2022-03-23,Very Hard,16:41,-27.0,22.0,12.0,78.0,58.0
New York Times,2022-03-22,Average,8:46,10.0,64.0,37.0,36.0,15.0
New York Times,2022-03-21,Average,7:50,1.0,51.0,24.0,49.0,27.0
New York Times,2022-03-20,Hard,46:30,-14.0,33.0,14.0,67.0,42.0
New York Times,2022-03-19,Very Hard,31:51,-18.0,34.0,13.0,66.0,48.0
New York Times,2022-03-18,Average,20:01,11.0,64.0,40.0,36.0,21.0
New York Times,2022-03-17,Average,19:06,10.0,65.0,36.0,35.0,18.0
New York Times,2022-03-16,Average,12:21,3.0,55.0,27.0,45.0,24.0
New York Times,2022-03-15,Average,8:54,14.0,67.0,39.0,33.0,15.0
New York Times,2022-03-14,Easy,6:12,19.0,79.0,48.0,21.0,10.0
New York Times,2022-03-13,Very Hard,46:13,-15.0,31.0,13.0,69.0,44.0
New York Times,2022-03-12,Hard,28:26,-3.0,47.0,23.0,53.0,31.0
New York Times,2022-03-11,Easy,18:13,20.0,74.0,50.0,26.0,12.0
New York Times,2022-03-10,Very Hard,24:29,-16.0,32.0,15.0,68.0,45.0
New York Times,2022-03-09,Hard,14:28,-9.0,38.0,18.0,62.0,38.0
New York Times,2022-03-08,Very Easy,6:52,35.0,90.0,74.0,10.0,6.0
New York Times,2022-03-07,Easy,6:05,21.0,78.0,51.0,22.0,11.0
New York Times,2022-03-06,Average,36:22,11.0,66.0,36.0,34.0,18.0
New York Times,2022-03-05,Average,25:42,5.0,57.0,32.0,43.0,23.0
New York Times,2022-03-04,Average,22:17,8.0,59.0,36.0,41.0,21.0
New York Times,2022-03-03,Hard,21:27,-3.0,46.0,23.0,54.0,33.0
New York Times,2022-03-02,Hard,13:08,-1.0,49.0,28.0,51.0,26.0
New York Times,2022-03-01,Easy,7:31,30.0,86.0,67.0,14.0,8.0
New York Times,2022-02-28,Average,7:43,0.0,51.0,24.0,49.0,24.0
New York Times,2022-02-27,Average,33:37,17.0,75.0,45.0,25.0,12.0
New York Times,2022-02-26,Easy,19:57,29.0,83.0,61.0,17.0,8.0
New York Times,2022-02-25,Hard,25:26,-9.0,40.0,19.0,60.0,37.0
New York Times,2022-02-24,Average,16:35,19.0,74.0,48.0,26.0,13.0
New York Times,2022-02-23,Average,10:37,17.0,73.0,47.0,27.0,13.0
New York Times,2022-02-22,Very Hard,13:16,-22.0,24.0,12.0,76.0,52.0
New York Times,2022-02-21,Very Hard,11:20,-48.0,11.0,7.0,89.0,76.0
New York Times,2022-02-20,Hard,45:32,-8.0,39.0,17.0,61.0,36.0
New York Times,2022-02-19,Average,24:02,14.0,67.0,42.0,33.0,16.0
New York Times,2022-02-18,Very Easy,16:12,33.0,86.0,68.0,14.0,6.0
New York Times,2022-02-17,Average,17:53,14.0,68.0,43.0,32.0,16.0
New York Times,2022-02-16,Very Hard,15:23,-16.0,33.0,16.0,67.0,46.0
New York Times,2022-02-15,Easy,8:06,19.0,76.0,49.0,24.0,11.0
New York Times,2022-02-14,Easy,5:40,23.0,85.0,55.0,15.0,6.0
New York Times,2022-02-13,Very Easy,26:00,37.0,89.0,75.0,11.0,5.0
New York Times,2022-02-12,Average,27:17,2.0,52.0,29.0,48.0,26.0
New York Times,2022-02-11,Hard,27:03,-7.0,42.0,22.0,58.0,38.0
New York Times,2022-02-10,Hard,22:21,-7.0,41.0,20.0,59.0,37.0
New York Times,2022-02-09,Average,11:35,13.0,69.0,40.0,31.0,16.0
New York Times,2022-02-08,Easy,7:39,26.0,83.0,59.0,17.0,6.0
New York Times,2022-02-07,Average,6:20,13.0,71.0,39.0,29.0,12.0
New York Times,2022-02-06,Hard,41:41,-1.0,48.0,27.0,52.0,24.0
New York Times,2022-02-05,Very Hard,33:42,-18.0,31.0,14.0,69.0,49.0
New York Times,2022-02-04,Easy,19:31,24.0,79.0,55.0,21.0,11.0
New York Times,2022-02-03,Hard,21:26,-6.0,43.0,22.0,57.0,37.0
New York Times,2022-02-02,Average,11:33,16.0,72.0,43.0,28.0,13.0
New York Times,2022-02-01,Average,9:27,10.0,65.0,34.0,35.0,21.0
New York Times,2022-01-31,Average,6:58,6.0,60.0,30.0,40.0,16.0
New York Times,2022-01-30,Hard,40:56,-1.0,49.0,25.0,51.0,27.0
New York Times,2022-01-29,Average,26:21,3.0,53.0,31.0,47.0,24.0
New York Times,2022-01-28,Easy,18:19,26.0,81.0,59.0,19.0,11.0
New York Times,2022-01-27,Very Hard,26:02,-29.0,24.0,12.0,76.0,57.0
New York Times,2022-01-26,Very Easy,8:36,38.0,89.0,78.0,11.0,6.0
New York Times,2022-01-25,Hard,10:26,-1.0,48.0,26.0,52.0,26.0
New York Times,2022-01-24,Average,6:43,11.0,69.0,36.0,31.0,12.0
New York Times,2022-01-23,Easy,32:07,20.0,79.0,51.0,21.0,11.0
New York Times,2022-01-22,Very Easy,15:18,42.0,89.0,76.0,11.0,5.0
New York Times,2022-01-21,Hard,27:27,-6.0,43.0,21.0,57.0,38.0
New York Times,2022-01-20,Very Easy,12:11,40.0,91.0,79.0,9.0,4.0
New York Times,2022-01-19,Very Easy,9:58,33.0,87.0,69.0,13.0,6.0
New York Times,2022-01-18,Hard,10:30,-1.0,48.0,24.0,52.0,29.0
New York Times,2022-01-17,Hard,7:33,-3.0,46.0,23.0,54.0,29.0
New York Times,2022-01-16,Average,38:41,8.0,60.0,32.0,40.0,22.0
New York Times,2022-01-15,Easy,20:22,28.0,80.0,59.0,20.0,11.0
New York Times,2022-01-14,Average,21:49,12.0,63.0,40.0,37.0,18.0
New York Times,2022-01-13,Average,18:59,8.0,60.0,36.0,40.0,24.0
New York Times,2022-01-12,Very Easy,9:53,34.0,88.0,72.0,12.0,5.0
New York Times,2022-01-11,Average,9:07,12.0,66.0,40.0,34.0,16.0
New York Times,2022-01-10,Average,6:05,16.0,76.0,42.0,24.0,9.0
New York Times,2022-01-09,Hard,46:08,-10.0,36.0,16.0,64.0,38.0
New York Times,2022-01-08,Hard,29:31,-6.0,42.0,23.0,58.0,35.0
New York Times,2022-01-07,Easy,17:36,29.0,81.0,61.0,19.0,8.0
New York Times,2022-01-06,Average,16:36,18.0,70.0,48.0,30.0,12.0
New York Times,2022-01-05,Average,12:08,15.0,69.0,44.0,31.0,17.0
New York Times,2022-01-04,Very Hard,11:50,-17.0,31.0,18.0,69.0,47.0
New York Times,2022-01-03,Average,6:48,10.0,65.0,34.0,35.0,18.0
New York Times,2022-01-02,Average,36:20,10.0,64.0,34.0,36.0,19.0
New York Times,2022-01-01,Very Hard,33:48,-23.0,29.0,14.0,71.0,52.0
New York Times,2021-12-31,Hard,25:27,-5.0,45.0,23.0,55.0,35.0
New York Times,2021-12-30,Easy,15:02,27.0,81.0,59.0,19.0,9.0
New York Times,2021-12-29,Average,13:49,7.0,59.0,35.0,41.0,22.0
New York Times,2021-12-28,Hard,10:56,-10.0,38.0,19.0,62.0,40.0
New York Times,2021-12-27,Easy,6:14,20.0,80.0,50.0,20.0,10.0
New York Times,2021-12-26,Very Hard,47:44,-25.0,26.0,13.0,74.0,56.0
New York Times,2021-12-25,Hard,28:46,-5.0,44.0,23.0,56.0,36.0
New York Times,2021-12-24,Hard,25:42,-7.0,40.0,22.0,60.0,37.0
New York Times,2021-12-23,Easy,16:37,21.0,73.0,51.0,27.0,14.0
New York Times,2021-12-22,Hard,16:49,-12.0,35.0,18.0,65.0,41.0
New York Times,2021-12-21,Hard,9:47,-2.0,47.0,23.0,53.0,31.0
New York Times,2021-12-20,Hard,8:19,-8.0,38.0,16.0,62.0,36.0
New York Times,2021-12-19,Average,35:13,7.0,59.0,32.0,41.0,20.0
New York Times,2021-12-18,Very Hard,31:41,-26.0,25.0,13.0,75.0,55.0
New York Times,2021-12-17,Easy,17:12,24.0,76.0,55.0,24.0,12.0
New York Times,2021-12-16,Very Hard,24:01,-14.0,35.0,17.0,65.0,45.0
New York Times,2021-12-15,Easy,11:20,24.0,78.0,56.0,22.0,13.0
New York Times,2021-12-14,Easy,7:11,22.0,82.0,55.0,18.0,10.0
New York Times,2021-12-13,Easy,5:58,23.0,85.0,56.0,15.0,6.0
New York Times,2021-12-12,Hard,41:44,-8.0,41.0,19.0,59.0,34.0
New York Times,2021-12-11,Easy,19:25,19.0,73.0,49.0,27.0,14.0
New York Times,2021-12-10,Very Hard,33:28,-42.0,17.0,9.0,83.0,70.0
New York Times,2021-12-09,Easy,15:40,24.0,77.0,55.0,23.0,12.0
New York Times,2021-12-08,Easy,12:02,23.0,81.0,55.0,19.0,10.0
New York Times,2021-12-07,Very Easy,6:52,32.0,89.0,69.0,11.0,4.0
New York Times,2021-12-06,Average,6:51,10.0,66.0,34.0,34.0,16.0
New York Times,2021-12-05,Very Easy,25:40,35.0,88.0,73.0,12.0,7.0
New York Times,2021-12-04,Average,21:31,16.0,69.0,46.0,31.0,15.0
New York Times,2021-12-03,Very Hard,26:26,-21.0,30.0,16.0,70.0,52.0
New York Times,2021-12-02,Hard,22:11,-2.0,47.0,24.0,53.0,32.0
New York Times,2021-12-01,Average,13:11,13.0,67.0,39.0,33.0,16.0
New York Times,2021-11-30,Average,9:16,10.0,66.0,35.0,34.0,16.0
New York Times,2021-11-29,Average,7:08,8.0,65.0,31.0,35.0,16.0
New York Times,2021-11-28,Average,37:11,5.0,57.0,31.0,43.0,20.0
New York Times,2021-11-27,Average,23:56,11.0,64.0,40.0,36.0,20.0
New York Times,2021-11-26,Hard,23:06,-7.0,44.0,24.0,56.0,38.0
New York Times,2021-11-25,Average,18:56,10.0,62.0,37.0,38.0,25.0
New York Times,2021-11-24,Very Hard,17:42,-22.0,27.0,16.0,73.0,52.0
New York Times,2021-11-23,Very Easy,7:28,31.0,88.0,67.0,12.0,5.0
New York Times,2021-11-22,Average,6:58,8.0,63.0,32.0,37.0,17.0
New York Times,2021-11-21,Average,36:13,8.0,64.0,34.0,36.0,19.0
New York Times,2021-11-20,Easy,22:07,21.0,73.0,51.0,27.0,12.0
New York Times,2021-11-19,Easy,15:46,29.0,84.0,63.0,16.0,8.0
New York Times,2021-11-18,Very Easy,12:00,46.0,95.0,85.0,5.0,3.0
